thesaurus,keyword,type
LTER controlled vocabulary,stream,theme
LTER controlled vocabulary,fires,theme
LTER controlled vocabulary,floods,theme
LTER controlled vocabulary,phosphorus,theme
LTER controlled vocabulary,discharge,theme
LTER controlled vocabulary,carbon,theme
LTER controlled vocabulary,nitrogen,theme
LTER controlled vocabulary,ammonium,theme
LTER controlled vocabulary,nitrate,theme
LTER controlled vocabulary,fluoride,theme
LTER controlled vocabulary,chloride,theme
LTER controlled vocabulary,sulfate,theme
LTER controlled vocabulary,sodium,theme
LTER controlled vocabulary,potassium,theme
LTER controlled vocabulary,magnesium,theme
LTER controlled vocabulary,calcium,theme
LTER controlled vocabulary,watersheds,theme
LTER core areas,disturbance patterns,theme
CAP LTER IRT,ecosystem structure and functioning,theme
Creator Defined Keyword Set,bromide,theme
CAPLTER Keyword Set List,cap lter,theme
CAPLTER Keyword Set List,cap,theme
CAPLTER Keyword Set List,caplter,theme
CAPLTER Keyword Set List,central arizona phoenix long term ecological research,theme
CAPLTER Keyword Set List,arizona,place
CAPLTER Keyword Set List,az,place
CAPLTER Keyword Set List,arid land,theme
