Site,DateTime,burn,trib_main,Type,Event_Date,Stage,DOC_mgL,SRP_ugL,TC_mgL,TDP_mgL,TN_mgL,TOC_mgL,NH4N_color_mgL,Fluoride_mgL,Chloride_mgL,Sulfate_mgL,Bromide_mgL,NitrateN_mgL,Sodium_uM,Ammonium_uM,Potassium_uM,Magnesium_uM,Calcium_uM
BMW,8/23/20 13:15,burned,mainstem,GRAB,8/22/20,flood,48.54666667,136.4666667,NA,NA,3.905333333,NA,0.050033333,NA,NA,NA,NA,NA,NA,NA,NA,NA,NA
BMW,12/28/20 12:00,burned,mainstem,GRAB,NA,baseflow,2.274,51.3,NA,NA,0.004,NA,0.0122,NA,NA,NA,NA,NA,NA,NA,NA,NA,NA
BMW,1/17/21 11:13,burned,mainstem,GRAB,NA,baseflow,2.452,NA,NA,NA,0.004,NA,NA,0.382125,5.317275,11.728525,0.035225,3.313075,241.1894,8.70375,72.8343,172.9149,519.20815
BMW,1/27/21 12:00,burned,mainstem,GRAB,NA,baseflow,3.0225,NA,NA,NA,0.64175,NA,0.0183,0.525842857,10.83705714,23.4589,0.061742857,4.134271429,490.2166357,3.956771429,68.9353,324.5081857,787.5472214
BMW,3/3/21 10:20,burned,mainstem,GRAB,NA,baseflow,2.679,NA,NA,NA,0.004,NA,0.0125,0.55985,12.29875,18.55755,0.04545,1.686625,603.98225,10.724925,63.0094,330.7519,645.917575
BMW,4/12/21 7:45,burned,mainstem,GRAB,NA,baseflow,2.799,NA,NA,NA,0.004,NA,0.003,0.3018,3.4942,6.3537,0.0346,2.6274,169.8658,8.8358,37.981,135.0088,453.555
BMW,4/14/21 12:00,burned,mainstem,GRAB,NA,baseflow,NA,NA,NA,NA,NA,NA,NA,0.8182,34.0418,28.15,0.0433,0.0449,1483.3575,1.53,27.194,773.045,816.4715
BMW,6/2/21 12:00,burned,mainstem,GRAB,NA,baseflow,39.995,932.5,60.545,0.396,3.07,NA,0.9055,1.2898,14.4862,27.9119,6.7248,4.0766,129.7135,6.236,176.682,141.3125,675.769
BMW,7/24/21 12:05,burned,mainstem,GRAB,7/23/21,flood,11.15,289,24.495,0.00465,0.94,NA,0.0422,0.3069,11.3801,26.2746,0.0023,2.4541,289.818,1.53,81.3035,205.8285,679.1315
BMW,7/26/21 12:00,burned,mainstem,GRAB,7/25/21,flood,NA,NA,NA,NA,NA,NA,NA,NA,NA,NA,NA,NA,NA,NA,NA,NA,NA
BMW,7/31/21 1:42,burned,mainstem,ISCO,7/31/21,flood,6.897,45.2,60.45,0.00465,0.819,NA,0.031,0.5129,44.4063,195.321,0.0023,1.0355,2295.2055,1.53,92.6335,1317.115,1282.342
BMW,7/31/21 1:57,burned,mainstem,ISCO,7/31/21,flood,21.58,227,NA,NA,1.925,NA,0.16,NA,NA,NA,NA,NA,NA,NA,NA,NA,NA
BMW,7/31/21 2:12,burned,mainstem,ISCO,7/31/21,flood,28.465,365.5,NA,NA,2.568,27.45,0.335,NA,NA,NA,NA,NA,NA,NA,NA,NA,NA
BMW,7/31/21 2:27,burned,mainstem,ISCO,7/31/21,flood,30.115,243,NA,NA,3.431,NA,0.4475,NA,NA,NA,NA,NA,NA,NA,NA,NA,NA
BMW,7/31/21 2:42,burned,mainstem,ISCO,7/31/21,flood,31.865,305,NA,NA,3.834,NA,0.552,NA,NA,NA,NA,NA,NA,NA,NA,NA,NA
BMW,7/31/21 2:57,burned,mainstem,ISCO,7/31/21,flood,38.035,316,NA,NA,3.947,51.68,0.8165,NA,NA,NA,NA,NA,NA,NA,NA,NA,NA
BMW,7/31/21 3:12,burned,mainstem,ISCO,7/31/21,flood,36.335,213.5,NA,NA,3.125,NA,0.6705,NA,NA,NA,NA,NA,NA,NA,NA,NA,NA
BMW,7/31/21 3:27,burned,mainstem,ISCO,7/31/21,flood,39.26,167.8,NA,NA,3.297,NA,0.61,NA,NA,NA,NA,NA,NA,NA,NA,NA,NA
BMW,7/31/21 3:42,burned,mainstem,ISCO,7/31/21,flood,41.96,234,110.25,0.184,1.937,NA,0.6145,0.2778,22.335,39.9764,0.0507,0.052,355.0648,40.3662,193.869,453.438,897.657
BMW,7/31/21 3:57,burned,mainstem,ISCO,7/31/21,flood,44.63,345,NA,NA,2.6965,NA,0.549,NA,NA,NA,NA,NA,NA,NA,NA,NA,NA
BMW,7/31/21 4:12,burned,mainstem,ISCO,7/31/21,flood,46.635,110.8,NA,NA,3.386,NA,0.3395,NA,NA,NA,NA,NA,NA,NA,NA,NA,NA
BMW,7/31/21 4:27,burned,mainstem,ISCO,7/31/21,flood,48.645,166.4,NA,NA,3.4815,NA,0.307,NA,NA,NA,NA,NA,NA,NA,NA,NA,NA
BMW,7/31/21 4:42,burned,mainstem,ISCO,7/31/21,flood,45.285,234.5,NA,NA,2.647,NA,0.3305,NA,NA,NA,NA,NA,NA,NA,NA,NA,NA
BMW,7/31/21 5:42,burned,mainstem,ISCO,7/31/21,flood,42.865,264,NA,NA,2.3965,NA,0.417,NA,NA,NA,NA,NA,NA,NA,NA,NA,NA
BMW,7/31/21 6:42,burned,mainstem,ISCO,7/31/21,flood,46.785,88.8,NA,NA,3.218,NA,0.302,NA,NA,NA,NA,NA,NA,NA,NA,NA,NA
BMW,7/31/21 7:42,burned,mainstem,ISCO,7/31/21,flood,40.58,75.45,NA,NA,2.2755,NA,0.3095,NA,NA,NA,NA,NA,NA,NA,NA,NA,NA
BMW,7/31/21 8:42,burned,mainstem,ISCO,7/31/21,flood,35.71,102,NA,NA,1.986,NA,0.242,NA,NA,NA,NA,NA,NA,NA,NA,NA,NA
BMW,7/31/21 9:42,burned,mainstem,ISCO,7/31/21,flood,36.92,112.5,NA,NA,2.084,NA,0.311,NA,NA,NA,NA,NA,NA,NA,NA,NA,NA
BMW,7/31/21 10:42,burned,mainstem,ISCO,7/31/21,flood,25.93,134.5,133.35,0.188,2.374,NA,0.287,NA,NA,NA,NA,NA,NA,NA,NA,NA,NA
BMW,10/8/21 10:45,burned,mainstem,GRAB,NA,baseflow,2.0295,30.8,NA,NA,2.0295,NA,0.003,NA,NA,NA,NA,NA,NA,NA,NA,NA,NA
BMW,5/18/22 10:15,burned,mainstem,GRAB,NA,baseflow,2.3105,NA,NA,NA,0.004,2.3,NA,NA,NA,NA,NA,NA,NA,NA,NA,NA,NA
CC,7/24/21 12:00,burned,tributary,GRAB,7/23/21,flood,NA,NA,NA,NA,NA,NA,0.052025,NA,NA,NA,NA,NA,NA,NA,NA,NA,NA
CC,7/25/21 16:20,burned,tributary,ISCO,7/25/21,flood,7.325,524.5,26.755,0.247,1.676,13.375,0.131,0.6654,3.6263,7.4323,0.041,4.1332,179.697,1.53,93.359,157.536,548.468
CC,7/25/21 16:30,burned,tributary,GRAB,7/25/21,flood,8.874,362.5,19.61,0.157,2.683333333,NA,0.1975,0.2761,3.4896,6.8609,0.02515,3.4603,78.015,7.083,46.4545,54.8115,289.1195
CC,7/25/21 16:35,burned,tributary,ISCO,7/25/21,flood,9.59,371.5,NA,NA,4.6675,NA,0.118,NA,NA,NA,NA,NA,NA,NA,NA,NA,NA
CC,7/25/21 16:50,burned,tributary,ISCO,7/25/21,flood,9.468,426.5,NA,NA,4.509,12.7,0.0839,NA,NA,NA,NA,NA,NA,NA,NA,NA,NA
CC,7/25/21 17:05,burned,tributary,ISCO,7/25/21,flood,8.2455,454,NA,NA,4.155,12.13,0.121,NA,NA,NA,NA,NA,NA,NA,NA,NA,NA
CC,7/25/21 17:20,burned,tributary,ISCO,7/25/21,flood,9.664,333,NA,NA,4.8995,11.81,0.09905,NA,NA,NA,NA,NA,NA,NA,NA,NA,NA
CC,7/25/21 17:35,burned,tributary,ISCO,7/25/21,flood,9.5125,317,NA,NA,4.7635,NA,0.07465,NA,NA,NA,NA,NA,NA,NA,NA,NA,NA
CC,7/25/21 17:50,burned,tributary,ISCO,7/25/21,flood,8.019,246,NA,NA,4.6295,10.8,0.06915,NA,NA,NA,NA,NA,NA,NA,NA,NA,NA
CC,7/25/21 18:05,burned,tributary,ISCO,7/25/21,flood,6.8325,279.5,NA,NA,4.4475,10.48,0.06045,NA,NA,NA,NA,NA,NA,NA,NA,NA,NA
CC,7/25/21 18:20,burned,tributary,ISCO,7/25/21,flood,8.3815,300.5,NA,NA,4.5555,11.505,0.03855,NA,NA,NA,NA,NA,NA,NA,NA,NA,NA
CC,7/25/21 18:35,burned,tributary,ISCO,7/25/21,flood,9.2765,308.5,NA,NA,5.0805,10.465,0.0715,NA,NA,NA,NA,NA,NA,NA,NA,NA,NA
CC,7/25/21 18:50,burned,tributary,ISCO,7/25/21,flood,9.78,273.5,NA,NA,4.9395,10.745,0.0859,NA,NA,NA,NA,NA,NA,NA,NA,NA,NA
CC,7/25/21 19:05,burned,tributary,ISCO,7/25/21,flood,5.0635,402,21.945,0.152,2.398,NA,0.04955,0.6329,3.4995,7.9521,0.0023,4.7148,167.5735,1.53,63.6865,108.3875,529.8975
CC,7/25/21 19:20,burned,tributary,ISCO,7/25/21,flood,8.993,330,NA,NA,4.427,NA,0.1235,NA,NA,NA,NA,NA,NA,NA,NA,NA,NA
CC,7/25/21 20:20,burned,tributary,ISCO,7/25/21,flood,8.1295,306.5,NA,NA,4.296,10.45,0.06215,NA,NA,NA,NA,NA,NA,NA,NA,NA,NA
CC,7/25/21 21:20,burned,tributary,ISCO,7/25/21,flood,12.5985,329,NA,NA,4.871,NA,0.06165,NA,NA,NA,NA,NA,NA,NA,NA,NA,NA
CC,7/25/21 22:20,burned,tributary,ISCO,7/25/21,flood,NA,343.5,NA,NA,NA,NA,0.08275,NA,NA,NA,NA,NA,NA,NA,NA,NA,NA
CC,7/25/21 23:20,burned,tributary,ISCO,7/25/21,flood,9.5885,251,NA,NA,4.66,NA,0.104,NA,NA,NA,NA,NA,NA,NA,NA,NA,NA
CC,7/26/21 0:20,burned,tributary,ISCO,7/25/21,flood,9.215,209.2,NA,NA,4.351,10.2,0.02905,NA,NA,NA,NA,NA,NA,NA,NA,NA,NA
CC,7/26/21 1:20,burned,tributary,ISCO,7/25/21,flood,10.43,197.9,NA,NA,5.976,NA,0.01465,NA,NA,NA,NA,NA,NA,NA,NA,NA,NA
CC,7/26/21 2:20,burned,tributary,ISCO,7/25/21,flood,10.119,192.3,NA,NA,6.154,10.82,0.02645,NA,NA,NA,NA,NA,206.2464,6.0502,30.9968,99.7182,275.6272
CC,7/26/21 3:20,burned,tributary,ISCO,7/25/21,flood,9.1955,184.1,NA,NA,6.109,10.5,0.02295,NA,NA,NA,NA,NA,179.247,5.2212,26.5572,73.5856,201.0778
CC,7/26/21 4:20,burned,tributary,ISCO,7/25/21,flood,9.764,NA,NA,NA,5.9635,10.255,NA,NA,NA,NA,NA,NA,155.8672,4.4486,20.4888,81.8116,236.7538
CC,7/26/21 5:20,burned,tributary,ISCO,7/25/21,flood,6.3225,312.5,20.995,0.15,2.778,NA,0.0686,NA,NA,NA,NA,NA,NA,NA,NA,NA,NA
CC,7/26/21 6:20,burned,tributary,ISCO,7/25/21,flood,7.16,317.5,20.85,0.071325,2.624,NA,0.1008,NA,NA,NA,NA,NA,NA,NA,NA,NA,NA
CC,8/12/21 8:48,burned,tributary,GRAB,8/12/21,flood,16.9045,NA,NA,NA,3.149,11.535,NA,NA,NA,NA,NA,NA,NA,NA,NA,NA,NA
CC,8/12/21 8:56,burned,tributary,ISCO,8/12/21,flood,16.77,288.5,29.645,0.00465,0.389333333,NA,0.003,1.0646,2.6896,5.948,0.0023,4.00E-04,166.157,1.53,110.3145,212.967,820.265
CC,8/12/21 9:10,burned,tributary,ISCO,8/12/21,flood,9.2965,NA,NA,NA,2.1095,NA,NA,NA,NA,NA,NA,NA,NA,NA,NA,NA,NA
CC,8/12/21 9:25,burned,tributary,ISCO,8/12/21,flood,9.2745,260,NA,NA,3.0435,NA,0.01485,NA,NA,NA,NA,NA,NA,NA,NA,NA,NA
CC,8/12/21 9:40,burned,tributary,ISCO,8/12/21,flood,8.995,320,NA,NA,3.0645,NA,0.01885,NA,NA,NA,NA,NA,NA,NA,NA,NA,NA
CC,8/12/21 9:55,burned,tributary,ISCO,8/12/21,flood,8.3665,333,NA,NA,3.0955,NA,0.03345,NA,NA,NA,NA,NA,NA,NA,NA,NA,NA
CC,8/12/21 10:10,burned,tributary,ISCO,8/12/21,flood,9.2605,398,NA,NA,3.2415,NA,0.064,NA,NA,NA,NA,NA,NA,NA,NA,NA,NA
CC,8/12/21 10:25,burned,tributary,ISCO,8/12/21,flood,9.439,434.5,NA,NA,3.1785,NA,0.0611,NA,NA,NA,NA,NA,NA,NA,NA,NA,NA
CC,8/12/21 10:40,burned,tributary,ISCO,8/12/21,flood,8.8105,324,NA,NA,2.7305,NA,0.06015,NA,NA,NA,NA,NA,NA,NA,NA,NA,NA
CC,8/12/21 10:55,burned,tributary,ISCO,8/12/21,flood,9.2425,334,NA,NA,3.181,10.76,0.05225,NA,NA,NA,NA,NA,NA,NA,NA,NA,NA
CC,8/12/21 11:10,burned,tributary,ISCO,8/12/21,flood,11.98233333,252.5,NA,NA,2.237333333,9.9005,0.01115,NA,NA,NA,NA,NA,NA,NA,NA,NA,NA
CC,8/12/21 11:25,burned,tributary,ISCO,8/12/21,flood,7.563,261,NA,NA,2.792,10.82,0.003,NA,NA,NA,NA,NA,NA,NA,NA,NA,NA
CC,8/12/21 11:40,burned,tributary,ISCO,8/12/21,flood,5.817,371.5,26.73,0.00465,0.789,NA,0.0297,0.3154,3.1404,8.3127,0.0352,3.7984,155.7925,1.53,66.9445,104.939,493.3055
CC,8/12/21 11:56,burned,tributary,ISCO,8/12/21,flood,7.223,278.5,NA,NA,2.3925,10.655,0.003,NA,NA,NA,NA,NA,NA,NA,NA,NA,NA
CC,8/12/21 12:56,burned,tributary,ISCO,8/12/21,flood,10.145,358,NA,NA,3.3635,10.67,0.05795,NA,NA,NA,NA,NA,NA,NA,NA,NA,NA
CC,8/12/21 13:56,burned,tributary,ISCO,8/12/21,flood,12.96,308,NA,NA,3.3375,NA,0.06205,NA,NA,NA,NA,NA,NA,NA,NA,NA,NA
CC,8/12/21 14:56,burned,tributary,ISCO,8/12/21,flood,12.325,334,NA,NA,3.425,11.365,0.0559,NA,NA,NA,NA,NA,NA,NA,NA,NA,NA
CC,8/12/21 15:56,burned,tributary,ISCO,8/12/21,flood,10.51,198.25,NA,NA,3.516,9.6735,0.021975,NA,NA,NA,NA,NA,NA,NA,NA,NA,NA
CC,8/12/21 17:56,burned,tributary,ISCO,8/12/21,flood,9.878,260,NA,NA,3.102,10.89,0.0113,NA,NA,NA,NA,NA,NA,NA,NA,NA,NA
CC,8/12/21 18:56,burned,tributary,ISCO,8/12/21,flood,8.7295,224,NA,NA,2.4405,11.035,0.003,NA,NA,NA,NA,NA,NA,NA,NA,NA,NA
CC,8/12/21 19:56,burned,tributary,ISCO,8/12/21,flood,8.286,210.5,NA,NA,3.2995,11.98,0.01415,NA,NA,NA,NA,NA,NA,NA,NA,NA,NA
CC,8/12/21 20:56,burned,tributary,ISCO,8/12/21,flood,8.3135,NA,NA,NA,3.1545,11.02,NA,NA,NA,NA,NA,NA,NA,NA,NA,NA,NA
CC,8/12/21 21:56,burned,tributary,ISCO,8/12/21,flood,10.155,248,NA,NA,3.279,10.94,0.0147,NA,NA,NA,NA,NA,NA,NA,NA,NA,NA
CC,8/12/21 22:56,burned,tributary,ISCO,8/12/21,flood,7.807,NA,27.19,NA,3.553,NA,NA,0.446,5.6594,13.7102,0.0171,4.0355,257.9515,1.53,57.1455,148.626,616.597
CC,8/13/21 0:20,burned,tributary,ISCO,8/13/21,flood,NA,441,18.705,0.59,2.5055,NA,0.0453,0.2929,3.5512,5.4944,0.0641,2.3138,163.777,19.23,73.888,130.1525,526.4185
CC,8/13/21 0:50,burned,tributary,ISCO,8/13/21,flood,NA,435,NA,NA,3.568,NA,0.0682,NA,NA,NA,NA,NA,NA,NA,NA,NA,NA
CC,8/13/21 1:50,burned,tributary,ISCO,8/13/21,flood,NA,457,NA,NA,3.571,NA,0.0688,NA,NA,NA,NA,NA,NA,NA,NA,NA,NA
CC,8/13/21 4:50,burned,tributary,ISCO,8/13/21,flood,NA,357,NA,NA,5.187,NA,0.0709,NA,NA,NA,NA,NA,NA,NA,NA,NA,NA
CC,8/13/21 21:20,burned,tributary,ISCO,8/13/21,flood,12.1,225,34.865,0.294,2.5225,NA,0.0341,2.6463,9.9742,28.3958,0.0495,2.7817,520.3965,6.709,86.2275,282.0975,807.7135
CC,8/13/21 21:35,burned,tributary,ISCO,8/13/21,flood,9.292,321,NA,NA,3.811,NA,0.054,NA,NA,NA,NA,NA,NA,NA,NA,NA,NA
CC,8/13/21 21:50,burned,tributary,ISCO,8/13/21,flood,10.07,250,NA,NA,3.982,NA,0.0308,NA,NA,NA,NA,NA,NA,NA,NA,NA,NA
CC,8/13/21 22:35,burned,tributary,ISCO,8/13/21,flood,11.94,542,NA,NA,2.526,NA,0.263,NA,NA,NA,NA,NA,NA,NA,NA,NA,NA
CC,8/13/21 22:50,burned,tributary,ISCO,8/13/21,flood,10.79,504,NA,NA,1.789,NA,0.097,NA,NA,NA,NA,NA,NA,NA,NA,NA,NA
CC,8/13/21 23:05,burned,tributary,ISCO,8/13/21,flood,9.667,462,NA,NA,3.076,NA,0.132,NA,NA,NA,NA,NA,NA,NA,NA,NA,NA
CC,8/13/21 23:20,burned,tributary,ISCO,8/13/21,flood,10.66,388,NA,NA,2.457,NA,0.122,NA,NA,NA,NA,NA,NA,NA,NA,NA,NA
CC,8/13/21 23:35,burned,tributary,ISCO,8/13/21,flood,10.07,472,NA,NA,2.912,NA,0.129,NA,NA,NA,NA,NA,NA,NA,NA,NA,NA
CC,8/13/21 23:50,burned,tributary,ISCO,8/13/21,flood,9.666,426,NA,NA,3.303,NA,0.0784,NA,NA,NA,NA,NA,NA,NA,NA,NA,NA
CC,8/14/21 0:20,burned,tributary,ISCO,8/13/21,flood,8.374,NA,NA,NA,NA,NA,NA,NA,NA,NA,NA,NA,NA,NA,NA,NA,NA
CC,8/14/21 0:20,burned,tributary,ISCO,8/14/21,flood,NA,NA,NA,NA,NA,NA,NA,0.2929,3.5512,5.4944,0.0641,2.3138,163.777,19.23,73.888,130.1525,526.4185
CC,8/14/21 0:50,burned,tributary,ISCO,8/13/21,flood,8.708,NA,NA,NA,NA,NA,NA,NA,NA,NA,NA,NA,NA,NA,NA,NA,NA
CC,8/14/21 1:50,burned,tributary,ISCO,8/13/21,flood,8.907,NA,NA,NA,NA,NA,NA,NA,NA,NA,NA,NA,NA,NA,NA,NA,NA
CC,8/14/21 4:50,burned,tributary,ISCO,8/13/21,flood,9,NA,NA,NA,NA,NA,NA,NA,NA,NA,NA,NA,NA,NA,NA,NA,NA
CC,8/14/21 8:50,burned,tributary,ISCO,8/13/21,flood,9.482,207,NA,NA,3.837,NA,0.0455,NA,NA,NA,NA,NA,NA,NA,NA,NA,NA
CC,8/14/21 9:50,burned,tributary,ISCO,8/13/21,flood,9.695,257,24.6,0.00465,2.2165,NA,0.0506,0.3037,4.8656,12.3584,0.005,4.0741,346.7975,7.7385,69.8615,185.48,603.1065
CC,8/14/21 9:50,burned,tributary,ISCO,8/14/21,flood,NA,NA,NA,NA,NA,NA,NA,0.3037,4.8656,12.3584,0.005,4.0741,346.7975,7.7385,69.8615,185.48,603.1065
CC,8/16/21 22:29,burned,tributary,ISCO,8/16/21,flood,9.4305,168,29.015,0.127,0.004,NA,0.032,0.0012,4.5828,8.8811,0.0513,0.2533,171.1225,5.742,64.762,129.683,603.045
CC,8/16/21 22:43,burned,tributary,ISCO,8/16/21,flood,10.325,215,NA,NA,1.4025,NA,0.1905,NA,NA,NA,NA,NA,NA,NA,NA,NA,NA
CC,8/16/21 22:58,burned,tributary,ISCO,8/16/21,flood,9.4215,109.65,NA,NA,0.9403,NA,0.04435,NA,NA,NA,NA,NA,NA,NA,NA,NA,NA
CC,8/16/21 23:13,burned,tributary,ISCO,8/16/21,flood,NA,NA,NA,NA,1.687,NA,NA,NA,NA,NA,NA,NA,238.3468,10.6204,33.8522,105.2062,274.7124
CC,8/16/21 23:28,burned,tributary,ISCO,8/16/21,flood,NA,NA,NA,NA,1.581,NA,NA,NA,NA,NA,NA,NA,160.0846,7.042,19.6706,76.6638,224.137
CC,8/16/21 23:58,burned,tributary,ISCO,8/16/21,flood,10.56,284.5,NA,NA,2.028,NA,0.06275,NA,NA,NA,NA,NA,NA,NA,NA,NA,NA
CC,8/17/21 0:13,burned,tributary,ISCO,8/16/21,flood,9.1515,NA,NA,NA,2.088,NA,NA,0.4726,4.9846,10.5124,0.0276,3.0708,240.021,15.7045,50.3235,160.089,570.071
CC,8/17/21 0:28,burned,tributary,ISCO,8/16/21,flood,8.8265,286.5,NA,0.247,2.409,NA,0.03145,0.4726,4.9846,10.5124,0.0276,3.0708,240.021,15.7045,50.3235,160.089,570.071
CC,8/17/21 0:43,burned,tributary,ISCO,8/16/21,flood,8.6705,228,NA,NA,2.761,NA,0.0243,NA,NA,NA,NA,NA,NA,NA,NA,NA,NA
CC,8/17/21 0:58,burned,tributary,ISCO,8/16/21,flood,9.854,218.5,NA,NA,3.785,NA,0.02375,NA,NA,NA,NA,NA,NA,NA,NA,NA,NA
CC,8/17/21 1:13,burned,tributary,ISCO,8/16/21,flood,9.247,NA,NA,NA,4.3255,NA,NA,NA,NA,NA,NA,NA,NA,NA,NA,NA,NA
CC,8/17/21 2:13,burned,tributary,ISCO,8/16/21,flood,9.403,225,NA,NA,4.013,NA,0.0328,NA,NA,NA,NA,NA,NA,NA,NA,NA,NA
CC,8/17/21 3:13,burned,tributary,ISCO,8/16/21,flood,8.5105,254,NA,NA,3.3915,NA,0.003,NA,NA,NA,NA,NA,NA,NA,NA,NA,NA
CC,8/17/21 4:13,burned,tributary,ISCO,8/16/21,flood,7.779,NA,NA,NA,2.956,NA,NA,NA,NA,NA,NA,NA,NA,NA,NA,NA,NA
CC,8/17/21 4:14,burned,tributary,ISCO,8/16/21,flood,NA,208.1,NA,NA,NA,NA,0.003,NA,NA,NA,NA,NA,NA,NA,NA,NA,NA
CC,8/17/21 5:13,burned,tributary,ISCO,8/16/21,flood,8.316,214.4,NA,NA,8.316,NA,0.003,NA,NA,NA,NA,NA,NA,NA,NA,NA,NA
CC,8/17/21 6:13,burned,tributary,ISCO,8/16/21,flood,6.3465,NA,NA,NA,6.3465,NA,NA,NA,NA,NA,NA,NA,NA,NA,NA,NA,NA
CC,8/17/21 7:13,burned,tributary,ISCO,8/16/21,flood,6.825,267.5,28.82,0.141,0.004,NA,0.01935,0.7076,10.5439,29.4767,0.0165,2.3361,566.1785,5.923,75.0515,259.9085,708.0195
CC,8/17/21 23:13,burned,tributary,ISCO,8/16/21,flood,9.605,NA,NA,NA,NA,NA,NA,NA,NA,NA,NA,NA,238.3468,10.6204,33.8522,105.2062,274.7124
CC,8/17/21 23:28,burned,tributary,ISCO,8/16/21,flood,9.43,NA,NA,NA,NA,NA,NA,NA,NA,NA,NA,NA,160.0846,7.042,19.6706,76.6638,224.137
CC,8/18/21 14:37,burned,tributary,ISCO,8/18/21,flood,31.07,NA,NA,NA,1.222,NA,NA,0.0012,5.5961,6.2502,0.1276,0.055,116.6655,1.53,86.133,255.2585,648.074
CC,8/18/21 15:07,burned,tributary,ISCO,8/18/21,flood,11.2975,156.5,43.73,0.222,0.004,NA,0.09385,0.2897,12.3538,6.4823,0.2416,4.00E-04,90.4265,8.5805,48.138,217.5015,500.0855
CC,8/18/21 15:22,burned,tributary,ISCO,8/18/21,flood,14.62,NA,NA,NA,0.89555,26.66,NA,NA,NA,NA,NA,NA,NA,NA,NA,NA,NA
CC,8/18/21 15:37,burned,tributary,ISCO,8/18/21,flood,4.477,212.3,NA,NA,0.5165,10.875,0.0816,NA,NA,NA,NA,NA,NA,NA,NA,NA,NA
CC,8/18/21 15:52,burned,tributary,ISCO,8/18/21,flood,6.1465,223.9,NA,NA,1.5115,10.312,0.11,NA,NA,NA,NA,NA,NA,NA,NA,NA,NA
CC,8/18/21 16:07,burned,tributary,ISCO,8/18/21,flood,4.164,194.7,NA,NA,1.01225,9.0715,0.0845,NA,NA,NA,NA,NA,NA,NA,NA,NA,NA
CC,8/18/21 16:22,burned,tributary,ISCO,8/18/21,flood,4.4285,399.5,20.05,0.722,1.583,NA,0.124,0.3384,2.8261,4.2327,0.1413,1.1235,103.9075,13.5345,54.0685,108.202,382.598
CC,8/19/21 0:07,burned,tributary,ISCO,8/18/21,flood,8.0325,NA,22.585,NA,1.866,NA,NA,0.4489,4.72,10.8714,0.0246,2.5476,220.9785,1.53,54.0505,111.893,452.076
CC,8/19/21 1:07,burned,tributary,ISCO,8/18/21,flood,2.9005,108.4,NA,NA,0.87455,9.483,0.003,NA,NA,NA,NA,NA,NA,NA,NA,NA,NA
CC,8/19/21 2:07,burned,tributary,ISCO,8/18/21,flood,3.504,NA,NA,NA,1.2227,10.1245,NA,NA,NA,NA,NA,NA,NA,NA,NA,NA,NA
CC,8/19/21 3:07,burned,tributary,ISCO,8/18/21,flood,6.6515,NA,NA,NA,1.8035,NA,NA,NA,NA,NA,NA,NA,NA,NA,NA,NA,NA
CC,8/19/21 4:07,burned,tributary,ISCO,8/18/21,flood,6.7445,230.5,26.735,0.131,1.649,NA,0.03295,0.4403,12.2421,10.7368,0.0093,2.3243,323.122,147.3975,75.8225,175.674,611.045
CC,9/1/21 2:48,burned,tributary,ISCO,9/1/21,flood,5.945,413,NA,0.421,1.865,NA,0.07885,NA,NA,NA,NA,NA,95.8295,5.21,65.445,116.6185,452.6845
CC,9/1/21 3:03,burned,tributary,ISCO,9/1/21,flood,6.35,NA,NA,NA,6.35,NA,NA,0.2632,4.2932,4.4939,0.0023,1.4197,NA,NA,NA,NA,NA
CC,9/1/21 3:18,burned,tributary,ISCO,9/1/21,flood,5.7865,292,NA,NA,5.7865,NA,0.0145,0.2038,3.073,2.4528,0.0067,0.8922,150.6388,5.473,97.3516,128.05,379.146
CC,9/1/21 3:33,burned,tributary,ISCO,9/1/21,flood,5.6685,287,NA,NA,5.6685,NA,0.02485,0.4584,1.8697,3.6156,0.0023,1.1888,NA,NA,NA,NA,NA
CC,9/1/21 3:48,burned,tributary,ISCO,9/1/21,flood,5.715,318,NA,NA,2.6357,NA,0.003,0.4697,2.2986,4.4265,0.0105,1.1704,NA,NA,NA,NA,NA
CC,9/1/21 4:03,burned,tributary,ISCO,9/1/21,flood,5.139,281,NA,NA,2.875,NA,0.003,0.4683,1.7117,4.2993,0.0023,1.2331,NA,NA,NA,NA,NA
CC,9/1/21 4:18,burned,tributary,ISCO,9/1/21,flood,5.0065,243,NA,0.262,1.515,NA,0.0314,NA,NA,NA,NA,NA,123.5755,1.53,65.986,112.7465,482.699
CC,9/1/21 4:33,burned,tributary,ISCO,9/1/21,flood,4.6105,201.3,NA,NA,4.6105,NA,0.003,0.3277,1.5368,2.8364,0.0023,1.2184,226.8292,4.2478,111.443,169.512,530.237
CC,9/1/21 4:48,burned,tributary,ISCO,9/1/21,flood,5.4225,224,NA,NA,3.526,NA,0.003,0.3459,1.2698,2.5364,0.0023,1.0664,194.8478,4.0982,98.707,113.8034,407.6622
CC,9/1/21 5:03,burned,tributary,ISCO,9/1/21,flood,5.334,249,NA,NA,1.6995,NA,0.003,0.3365,1.3762,2.6282,0.0023,1.15,233.807,3.5296,107.119,146.0104,453.5528
CC,9/1/21 5:18,burned,tributary,ISCO,9/1/21,flood,6.733,181.5,NA,NA,1.849,NA,0.003,0.3601,1.3732,2.8513,0.0023,1.2866,149.6782,2.4964,67.506,87.1266,275.3388
CC,9/1/21 5:48,burned,tributary,ISCO,9/1/21,flood,6.6775,220,NA,NA,1.8985,NA,0.003,0.3281,2.6195,6.0001,0.0023,2.1529,NA,NA,NA,NA,NA
CC,9/1/21 6:48,burned,tributary,ISCO,9/1/21,flood,6.832,226.9,NA,NA,1.743,NA,0.003,0.4812,3.059,5.2588,0.0023,1.566,175.1146,3.6512,69.0358,89.1388,266.3092
CC,9/1/21 7:48,burned,tributary,ISCO,9/1/21,flood,7.0055,210.7,NA,NA,1.707,NA,0.003,0.5943,3.7824,7.0494,0.0023,1.7924,270.228,5.7876,86.3666,138.7104,411.5964
CC,9/1/21 8:48,burned,tributary,ISCO,9/1/21,flood,4.616,224,NA,0.184,1.562,NA,0.0331,0.4001,3.4052,4.1104,0.0023,1.1675,288.9565,4.7715,76.08,151.0785,579.9945
CC,9/1/21 10:20,burned,tributary,GRAB,9/1/21,flood,7.001,283,NA,0.27,1.545666667,8.2175,0.0627,0.3601,3.1854,6.3462,0.0374,1.3301,432.5095,1.53,113.6625,222.6305,664.5325
CC,12/29/21 3:08,burned,tributary,ISCO,12/29/21,flood,8.155,NA,NA,NA,1.3015,8.0705,NA,NA,NA,NA,NA,NA,257.9312,0.612,43.0776,123.9528,355.8998
CC,12/29/21 3:23,burned,tributary,ISCO,12/29/21,flood,5.701,96.25,NA,NA,1.199,6.233,0.003,NA,NA,NA,NA,NA,158.5164,4.0622,26.7322,74.6266,189.8
CC,12/29/21 3:38,burned,tributary,ISCO,12/29/21,flood,5.7355,102,NA,NA,1.206,5.989,0.003,NA,NA,NA,NA,NA,169.9652,4.7782,27.9844,85.6152,213.2136
CC,12/29/21 3:53,burned,tributary,ISCO,12/29/21,flood,5.625,62.7,NA,NA,1.2275,5.7915,0.003,NA,NA,NA,NA,NA,206.2464,6.0502,30.9968,99.7182,275.6272
CC,12/29/21 4:08,burned,tributary,ISCO,12/29/21,flood,5.662,106.2,NA,NA,1.588,5.718,0.003,NA,NA,NA,NA,NA,179.247,5.2212,26.5572,73.5856,201.0778
CC,12/29/21 4:23,burned,tributary,ISCO,12/29/21,flood,5.7755,73.1,NA,NA,1.4335,5.7965,0.003,NA,NA,NA,NA,NA,155.8672,4.4486,20.4888,81.8116,236.7538
CC,12/29/21 4:38,burned,tributary,ISCO,12/29/21,flood,5.609,82.65,NA,NA,1.2075,5.7505,0.01126,NA,NA,NA,NA,NA,238.3468,10.6204,33.8522,105.2062,274.7124
CC,12/29/21 4:53,burned,tributary,ISCO,12/29/21,flood,5.5715,108.05,NA,NA,1.1815,5.5065,0.003,NA,NA,NA,NA,NA,160.0846,7.042,19.6706,76.6638,224.137
CC,12/29/21 5:08,burned,tributary,ISCO,12/29/21,flood,5.4205,25.55,NA,NA,1.061,5.455,0.003,NA,NA,NA,NA,NA,152.1476,3.9734,19.0426,70.0982,215.0082
CC,12/29/21 5:23,burned,tributary,ISCO,12/29/21,flood,5.529,60.6,NA,NA,1.0687,5.5015,0.003,NA,NA,NA,NA,NA,159.1982,8.1182,20.6466,80.3506,298.8572
CC,12/29/21 5:38,burned,tributary,ISCO,12/29/21,flood,5.3365,40.6,NA,NA,0.99095,5.4155,0.003,NA,NA,NA,NA,NA,258.9214,5.7076,30.5184,115.426,246.9474
CC,12/29/21 5:53,burned,tributary,ISCO,12/29/21,flood,5.564,47.4,NA,NA,1.458,5.4345,0.003,NA,NA,NA,NA,NA,322.6462,6.6876,36.9806,155.2766,442.8568
CC,12/29/21 6:23,burned,tributary,ISCO,12/29/21,flood,5.671,96.05,NA,NA,2.271,5.4205,0.003,NA,NA,NA,NA,NA,197.5312,4.419,23.8954,94.469,279.5462
CC,12/29/21 7:23,burned,tributary,ISCO,12/29/21,flood,5.8915,51.6,NA,NA,2.106,5.6845,0.003,NA,NA,NA,NA,NA,138.0844,3.6696,15.742,67.3246,197.5078
CC,12/29/21 8:23,burned,tributary,ISCO,12/29/21,flood,5.3935,56.65,NA,NA,2.1835,5.9315,0.003,NA,NA,NA,NA,NA,286.2976,6.5977,35.2972,122.8534,263.2034
CC,12/29/21 9:23,burned,tributary,ISCO,12/29/21,flood,5.836,68.3,NA,NA,1.703,5.7685,0.01175,NA,NA,NA,NA,NA,268.4824,9.0558,31.2446,115.1812,264.5816
CC,12/29/21 10:23,burned,tributary,ISCO,12/29/21,flood,5.9415,67.25,NA,NA,1.9275,5.882,0.003,NA,NA,NA,NA,NA,115.8246,4.1652,13.9908,53.6164,174.5832
CC,12/29/21 11:23,burned,tributary,ISCO,12/29/21,flood,6.0225,79.95,NA,NA,1.9495,6.103,0.02055,NA,NA,NA,NA,NA,314.6116,7.9303,34.9831,141.7154,300.8069
CC,12/29/21 12:23,burned,tributary,ISCO,12/29/21,flood,5.5745,64.9,NA,NA,1.7955,5.7115,0.01515,NA,NA,NA,NA,NA,315.7028,14.2356,33.9408,142.7784,327.4924
CC,12/29/21 13:23,burned,tributary,ISCO,12/29/21,flood,5.8315,NA,NA,NA,1.676,5.8405,NA,NA,NA,NA,NA,NA,188.395,8.5008,20.5748,85.8362,231.7066
CC,1/1/22 0:16,burned,tributary,ISCO,1/1/22,flood,15.69,NA,NA,NA,1.318,NA,NA,NA,NA,NA,NA,NA,285.0977,8.9421,40.1894,136.7079,336.9145
CC,1/1/22 0:31,burned,tributary,ISCO,1/1/22,flood,6.866,69,NA,NA,1.565,NA,0.003,NA,NA,NA,NA,NA,266.66,8.3155,41.4328,123.5183,279.1144
CC,1/1/22 0:46,burned,tributary,ISCO,1/1/22,flood,6.663,72.1,NA,NA,1.335,NA,0.003,NA,NA,NA,NA,NA,254.5958,4.1862,39.0904,121.3293,315.6498
CC,1/1/22 9:01,burned,tributary,ISCO,1/1/22,flood,8.335,NA,NA,NA,1.373,NA,NA,NA,NA,NA,NA,NA,212.264,5.8609,37.5461,104.7582,242.0633
CC,1/1/22 10:01,burned,tributary,ISCO,1/1/22,flood,7.866,103,NA,NA,1.503,NA,0.0377,NA,NA,NA,NA,NA,220.1524,12.3192,40.6064,111.6291,282.9286
CC,1/1/22 11:01,burned,tributary,ISCO,1/1/22,flood,7.927,69.1,NA,NA,1.478,NA,0.0326,NA,NA,NA,NA,NA,233.3566,9.5359,40.5746,120.5229,277.5828
CC,1/1/22 12:01,burned,tributary,ISCO,1/1/22,flood,7.752,NA,NA,NA,1.35,NA,NA,NA,NA,NA,NA,NA,232.1649,4.5251,39.1046,119.713,310.6617
CC,1/1/22 12:36,burned,tributary,GRAB,1/1/22,flood,6.3905,81.3,NA,NA,1.5235,6.712,0.003,NA,NA,NA,NA,NA,245.4815,3.839,40.6963,127.8028,333.8707
IS,8/14/21 18:32,unburned,tributary,ISCO,8/14/21,flood,8.8995,NA,NA,NA,0.004,NA,NA,NA,NA,NA,NA,NA,NA,NA,NA,NA,NA
IS,8/14/21 18:47,unburned,tributary,ISCO,8/14/21,flood,6.1715,202,NA,0.141,0.647,NA,0.0874,0.8485,4.3779,7.2176,0.0317,0.4891,362.5735,5.488,25.899,147.408,475.041
IS,8/14/21 19:02,unburned,tributary,ISCO,8/14/21,flood,4.782,NA,NA,NA,0.25225,NA,NA,0.936,3.9936,6.7944,0.0224,0.3259,683.4656,27.0886,83.268,430.5608,840.5576
IS,8/14/21 19:16,unburned,tributary,ISCO,8/14/21,flood,5.688,127,NA,NA,0.3032,NA,0.08075,0.9221,4.3084,9.5765,0.0322,0.5138,994.2644,20.8318,100.5771,923.0052,NA
IS,8/14/21 19:31,unburned,tributary,ISCO,8/14/21,flood,8.208,111.7,NA,NA,1.2335,NA,0.07535,0.8849,3.9487,8.307,0.022,0.5647,798.9047,17.4256,86.5842,666.7458,NA
IS,8/14/21 19:46,unburned,tributary,ISCO,8/14/21,flood,8.1595,187,NA,NA,1.421,NA,0.0548,0.8626,4.3936,9.4718,0.0383,0.763,603.0732,12.5511,67.1247,427.6633,1070.6699
IS,8/14/21 20:01,unburned,tributary,ISCO,8/14/21,flood,8.2425,180.9,NA,NA,1.5795,NA,0.0158,0.8116,4.6824,10.3961,0.0023,1.1453,651.3438,7.4506,67.9072,459.5425,1068.2595
IS,8/14/21 20:16,unburned,tributary,ISCO,8/14/21,flood,7.8795,140.2,NA,NA,2.5705,NA,0.003,0.6152,5.5676,10.89,0.0368,1.7964,632.8937,9.7845,63.22,439.7923,988.7466
IS,8/14/21 20:31,unburned,tributary,ISCO,8/14/21,flood,6.1715,223,NA,0.105,1.095,NA,0.003,0.938,9.5603,23.4584,0.0023,2.5605,616.7885,1.53,49.0095,372.3795,1135.821
IS,8/14/21 20:46,unburned,tributary,ISCO,8/14/21,flood,8.1005,143.9,NA,NA,2.494,NA,0.003,1.1094,6.77245,15.42075,0.00905,2.16265,NA,NA,NA,NA,NA
IS,8/14/21 21:01,unburned,tributary,ISCO,8/14/21,flood,8.236,133.2,NA,NA,3.2185,NA,0.003,1.061,8.7536,16.53265,0.01845,2.3991,715.053,31.1284,63.819,419.8206,759.5842
IS,8/14/21 21:46,unburned,tributary,ISCO,8/14/21,flood,8.855,174.2,NA,NA,3.3905,NA,0.003,1.2991,8.3618,19.7726,0.0023,2.7478,500.1576,6.6084,45.5436,289.5888,598.9032
IS,8/14/21 22:46,unburned,tributary,ISCO,8/14/21,flood,8.691,145.9,NA,NA,2.7315,NA,0.003,1.1311,8.0584,16.369,0.0023,2.2585,648.7916,5.0484,51.972,374.7784,693.6016
IS,8/14/21 23:46,unburned,tributary,ISCO,8/14/21,flood,8.581,158.6,NA,NA,3.172,NA,0.003,2.0841,15.1128,43.4793,0.0104,5.1515,968.5092,11.876,77.3646,581.7026,1122.7198
IS,8/15/21 4:46,unburned,tributary,ISCO,8/14/21,flood,8.759,NA,NA,NA,3.9325,NA,NA,1.759,12.83365,35.3507,0.0023,4.0255,NA,NA,NA,NA,NA
IS,8/15/21 5:46,unburned,tributary,ISCO,8/14/21,flood,8.655,NA,NA,NA,3.7605,NA,NA,1.0247,9.2138,17.5193,0.0051,2.9488,1660.1266,22.894,113.0492,1025.9296,1094.5606
IS,8/15/21 7:46,unburned,tributary,ISCO,8/14/21,flood,6.2185,170,NA,0.212,12.18126,NA,0.0212,1.6336,12.4557,27.7366,0.0051,3.9975,844.258,1.53,46.286,515.7135,1078.4105
IS,8/19/21 4:46,unburned,tributary,ISCO,8/14/21,flood,NA,176.4,NA,NA,NA,NA,0.003,NA,NA,NA,NA,NA,NA,NA,NA,NA,NA
IS,8/19/21 8:45,unburned,tributary,GRAB,8/18/21,flood,7.073,174.5,43.18,0.146,2.257333333,NA,0.02345,0.3218,3.7596,9.7073,0.0057,2.4019,247.8235,1.53,48.377,144.608,533.7385
MW,7/23/21 2:06,burned,tributary,ISCO,7/22/21,flood,NA,401,NA,0.516,0.734,NA,0.0504,0.0012,91.2726,41.3155,0.0166,0.0708,1310.5,1.53,187.9,274.21,1360.392
MW,7/24/21 13:30,burned,tributary,GRAB,7/23/21,flood,10.515,428.5,25.065,0.287,1.774,NA,0.0337,0.6055,10.3567,28.354,0.0023,3.785,298.068,1.53,89.9145,152.464,535.732
MW,7/25/21 15:21,burned,tributary,ISCO,7/25/21,flood,121.45,NA,NA,NA,1.148,NA,NA,0.0012,0.0034,224.1133,0.5919,4.00E-04,13615.053,4.375,337.68425,1472.96175,4618.86825
MW,7/25/21 15:58,burned,tributary,ISCO,7/25/21,flood,11.33,NA,NA,NA,0.004,19.795,NA,NA,NA,NA,NA,NA,NA,NA,NA,NA,NA
MW,7/25/21 16:13,burned,tributary,ISCO,7/25/21,flood,8.2405,261,NA,NA,0.66545,11.785,0.03875,NA,NA,NA,NA,NA,NA,NA,NA,NA,NA
MW,7/25/21 16:28,burned,tributary,ISCO,7/25/21,flood,8.609,271,NA,NA,0.7295,11.13,0.0283,NA,NA,NA,NA,NA,NA,NA,NA,NA,NA
MW,7/25/21 16:43,burned,tributary,ISCO,7/25/21,flood,7.8885,450.5,NA,NA,1.221,10.995,0.0746,NA,NA,NA,NA,NA,NA,NA,NA,NA,NA
MW,7/25/21 16:58,burned,tributary,ISCO,7/25/21,flood,8.492,317,NA,NA,1.1255,11.905,0.04105,NA,NA,NA,NA,NA,NA,NA,NA,NA,NA
MW,7/25/21 17:13,burned,tributary,ISCO,7/25/21,flood,6.5415,303,NA,NA,1.1085,NA,0.04255,NA,NA,NA,NA,NA,NA,NA,NA,NA,NA
MW,7/25/21 17:28,burned,tributary,ISCO,7/25/21,flood,8.164,NA,NA,NA,1.197,NA,NA,NA,NA,NA,NA,NA,NA,NA,NA,NA,NA
MW,7/25/21 17:30,burned,tributary,GRAB,7/25/21,flood,6.7625,403,21.415,0.192,1.468,NA,0.1095,0.4399,6.0276,16.5912,0.0132,3.7186,163.5045,1.53,54.836,104.5395,413.245
MW,7/25/21 18:13,burned,tributary,ISCO,7/25/21,flood,7.558,436.5,26.1,0.142,0.004,NA,0.0742,0.3182,3.8261,8.2643,0.0317,1.6042,138.8425,1.53,65.684,117.4365,455.0125
MW,7/25/21 20:14,burned,tributary,ISCO,7/25/21,flood,9.435,250,NA,NA,1.968,13.185,0.003,NA,NA,NA,NA,NA,NA,NA,NA,NA,NA
MW,7/25/21 21:13,burned,tributary,ISCO,7/25/21,flood,9.744,268,NA,NA,2.207,NA,0.003,NA,NA,NA,NA,NA,NA,NA,NA,NA,NA
MW,7/26/21 0:13,burned,tributary,ISCO,7/25/21,flood,12.11,311.5,NA,NA,3.8265,14.84,0.0363,NA,NA,NA,NA,NA,NA,NA,NA,NA,NA
MW,7/26/21 1:13,burned,tributary,ISCO,7/25/21,flood,11.205,381,NA,NA,5.567,NA,0.09075,NA,NA,NA,NA,NA,NA,NA,NA,NA,NA
MW,7/26/21 2:13,burned,tributary,ISCO,7/25/21,flood,10.255,405,NA,NA,4.909,12.27,0.059,NA,NA,NA,NA,NA,NA,NA,NA,NA,NA
MW,7/26/21 3:13,burned,tributary,ISCO,7/25/21,flood,13.38,230,NA,NA,4.389,NA,0.0127,NA,NA,NA,NA,NA,NA,NA,NA,NA,NA
MW,7/26/21 4:13,burned,tributary,ISCO,7/25/21,flood,8.0775,NA,NA,NA,3.492,13.685,NA,NA,NA,NA,NA,NA,NA,NA,NA,NA,NA
MW,7/26/21 5:13,burned,tributary,ISCO,7/25/21,flood,9.172,NA,NA,NA,NA,NA,NA,0.6536,25.9259,61.5201,0.0023,11.9793,992.108,1.53,138.8015,397.5975,1003.422
MW,8/12/21 8:48,burned,tributary,GRAB,8/12/21,flood,NA,NA,NA,NA,NA,14.095,NA,NA,NA,NA,NA,NA,NA,NA,NA,NA,NA
MW,8/12/21 10:14,burned,tributary,GRAB,8/12/21,flood,13.72,NA,NA,NA,2.605,NA,NA,NA,NA,NA,NA,NA,NA,NA,NA,NA,NA
MW,8/14/21 13:22,burned,tributary,GRAB,8/14/21,flood,9.572,308,33.055,0.1,9.5,NA,0.0996,1.2257,9.9846,31.9828,0.0062,2.627,797.536,4.9035,113.5895,371.194,1038.9495
MW,8/17/21 0:00,burned,tributary,ISCO,8/16/21,flood,20.6,241.5,NA,NA,1.4775,NA,0.039,NA,NA,NA,NA,NA,NA,NA,NA,NA,NA
MW,8/17/21 0:12,burned,tributary,ISCO,8/16/21,flood,9.533,329.5,NA,NA,1.517,NA,0.06065,NA,NA,NA,NA,NA,NA,NA,NA,NA,NA
MW,8/17/21 9:20,burned,tributary,GRAB,8/16/21,flood,7.371,233.5,51.52,0.251,1.057,NA,0.08635,0.8256,25.3037,51.5434,0.0023,1.2115,629.7555,1.53,55.9385,341.4715,884.5495
MW,8/17/21 9:20,burned,tributary,ISCO,8/16/21,flood,7.6715,NA,NA,NA,1.582,NA,NA,NA,NA,NA,NA,NA,NA,NA,NA,NA,NA
MW,8/19/21 12:44,burned,tributary,GRAB,8/18/21,flood,7.065,202,35.855,0.142,1.111,NA,0.07905,1.3917,11.0333,34.6353,0.0257,3.0941,529.778,7.0475,83.62,234.58,756.6075
MW,9/1/21 11:26,burned,tributary,GRAB,9/1/21,flood,7.056,238,NA,0.218,1.435,7.6095,0.0893,0.7234,4.7735,8.1815,0.0023,0.6193,351.0365,5.485,32.836,191.397,858.194
MW,7/28/22 15:12,burned,tributary,GRAB,7/28/22,flood,NA,NA,NA,NA,NA,22.23,NA,NA,NA,NA,NA,NA,NA,NA,NA,NA,NA
NS,8/14/21 9:00,unburned,mainstem,GRAB,8/14/21,baseflow,NA,NA,NA,NA,NA,NA,NA,0.0994,8.3742,12.8596,0.0252,0.6212,218.2015,1.53,21.9365,302.952,477.862
NS,8/14/21 9:00,unburned,mainstem,GRAB,8/14/21,flood,6.0315,47.25,NA,0.00465,1.006833333,NA,0.075473333,0.0994,8.3742,12.8596,0.0252,0.6212,218.2015,1.53,21.9365,302.952,477.862
RC,7/22/21 22:00,burned,tributary,ISCO,7/22/21,flood,NA,NA,NA,NA,NA,NA,0.636,NA,NA,NA,NA,NA,NA,NA,NA,NA,NA
RC,7/22/21 22:10,burned,tributary,ISCO,7/22/21,flood,27.335,NA,50.425,NA,0.63745,NA,NA,0.0012,4.617,5.7018,0.052,0.0638,59.3655,1.53,133.07,111.8925,658.161
RC,7/22/21 22:24,burned,tributary,ISCO,7/22/21,flood,10.5395,593,NA,NA,1.953,NA,0.531,NA,NA,NA,NA,NA,NA,NA,NA,NA,NA
RC,7/23/21 0:09,burned,tributary,ISCO,7/22/21,flood,9.331,NA,NA,NA,NA,NA,NA,NA,NA,NA,NA,NA,NA,NA,NA,NA,NA
RC,7/23/21 0:09,burned,tributary,ISCO,7/23/21,flood,200.1,543,NA,NA,0.9679,NA,0.162,NA,NA,NA,NA,NA,220.9386,6.7522,40.8508,208.0904,217.5694
RC,7/23/21 0:24,burned,tributary,ISCO,7/23/21,flood,33.115,693,NA,NA,1.518,NA,0.293,NA,NA,NA,NA,NA,178.3166,5.6876,32.7678,166.1494,177.7518
RC,7/23/21 0:39,burned,tributary,ISCO,7/22/21,flood,13.985,NA,NA,NA,NA,NA,NA,NA,NA,NA,NA,NA,NA,NA,NA,NA,NA
RC,7/23/21 0:39,burned,tributary,ISCO,7/23/21,flood,NA,649,NA,NA,1.075,NA,0.1345,NA,NA,NA,NA,NA,NA,NA,NA,NA,NA
RC,7/23/21 0:54,burned,tributary,ISCO,7/22/21,flood,8.4445,NA,36.54,NA,0.7776,NA,NA,0.2795,3.9754,6.2677,0.4491,0.0691,54.8485,5.294,138.379,82.471,398.2845
RC,7/23/21 0:54,burned,tributary,ISCO,7/23/21,flood,21.17,731,NA,NA,1.324,NA,0.06175,NA,NA,NA,NA,NA,241.3258,6.7086,40.8412,196.272,223.0878
RC,7/23/21 3:09,burned,tributary,ISCO,7/22/21,flood,2.784,NA,NA,NA,0.004,NA,NA,NA,NA,NA,NA,NA,NA,NA,NA,NA,NA
RC,7/23/21 3:09,burned,tributary,ISCO,7/23/21,flood,NA,461,NA,NA,NA,NA,0.147,NA,NA,NA,NA,NA,NA,NA,NA,NA,NA
RC,7/23/21 3:24,burned,tributary,ISCO,7/23/21,flood,10.795,458,NA,NA,1.3165,NA,0.228,NA,NA,NA,NA,NA,261.1636,6.854,43.0992,207.7064,202.6868
RC,7/23/21 3:39,burned,tributary,ISCO,7/23/21,flood,11.21,415,NA,NA,1.0125,NA,0.03555,NA,NA,NA,NA,NA,302.7716,6.8146,46.7316,250.0502,235.6104
RC,7/23/21 3:54,burned,tributary,ISCO,7/23/21,flood,12.37,456,NA,NA,1.4125,NA,0.164,NA,NA,NA,NA,NA,257.9312,0.612,43.0776,123.9528,355.8998
RC,7/23/21 4:09,burned,tributary,ISCO,7/23/21,flood,11.525,494,NA,NA,1.5535,NA,0.173,NA,NA,NA,NA,NA,158.5164,4.0622,26.7322,74.6266,189.8
RC,7/24/21 0:09,burned,tributary,ISCO,7/23/21,flood,NA,NA,NA,NA,NA,12.32,NA,NA,NA,NA,NA,NA,NA,NA,NA,NA,NA
RC,7/24/21 0:24,burned,tributary,ISCO,7/23/21,flood,NA,NA,NA,NA,NA,21.355,NA,NA,NA,NA,NA,NA,NA,NA,NA,NA,NA
RC,7/24/21 0:39,burned,tributary,ISCO,7/23/21,flood,NA,NA,NA,NA,NA,23.97,NA,NA,NA,NA,NA,NA,NA,NA,NA,NA,NA
RC,7/24/21 3:09,burned,tributary,ISCO,7/23/21,flood,NA,NA,NA,NA,NA,10.7355,NA,NA,NA,NA,NA,NA,NA,NA,NA,NA,NA
RC,7/24/21 3:24,burned,tributary,ISCO,7/23/21,flood,NA,NA,NA,NA,NA,13.64,NA,NA,NA,NA,NA,NA,NA,NA,NA,NA,NA
RC,7/24/21 3:39,burned,tributary,ISCO,7/23/21,flood,NA,NA,NA,NA,NA,13.3,NA,NA,NA,NA,NA,NA,NA,NA,NA,NA,NA
RC,7/24/21 8:09,burned,tributary,ISCO,7/23/21,flood,10.75,NA,18.565,NA,0.5062,NA,NA,0.6849,1.1026,3.5735,0.0165,0.0981,94.1446,3.1541,34.37145,54.49385,213.4873
RC,7/24/21 9:15,burned,tributary,GRAB,7/23/21,flood,8.927,168,23.545,0.00465,0.203133333,NA,NA,0.1128,2.0239,2.1499,0.0822,0.6858,43.7665,10.247,75.7185,39.7545,310.3485
RC,7/24/21 10:24,burned,tributary,ISCO,7/22/21,flood,NA,NA,NA,NA,NA,20.065,NA,NA,NA,NA,NA,NA,NA,NA,NA,NA,NA
RC,7/25/21 13:25,burned,tributary,ISCO,7/25/21,flood,10.39,246,NA,NA,NA,NA,0.0406,0.3176,1.369,0.7494,0.0023,0.0559,44.3015,9.874,51.8565,54.103,357.435
RC,7/25/21 13:39,burned,tributary,ISCO,7/25/21,flood,13.81,NA,NA,NA,0.5713,NA,NA,0.2788,1.9797,1.2286,0.0023,0.105,119.3122,3.0658,128.9268,168.168,436.1654
RC,7/25/21 13:54,burned,tributary,ISCO,7/25/21,flood,13.79,478.5,NA,NA,0.76105,NA,0.0222,0.3021,2.4763,2.866,0.0023,0.1439,160.8274,5.018,145.1288,222.4722,492.4298
RC,7/25/21 14:09,burned,tributary,ISCO,7/25/21,flood,10.75,431,NA,NA,0.953,NA,0.01725,0.2383,2.5467,3.3702,0.0023,0.2659,187.0896,4.4654,140.4056,217.6278,568.4488
RC,7/25/21 14:24,burned,tributary,ISCO,7/25/21,flood,10.185,466.5,NA,NA,1.1685,NA,0.0156,0.3223,3.2503,7.4812,0.0023,0.7237,174.8018,4.2618,142.1176,210.4442,504.584
RC,7/25/21 14:39,burned,tributary,ISCO,7/25/21,flood,10.05,413,NA,NA,1.596,NA,0.010375,0.1992,2.4421,5.1621,0.0023,1.1248,146.7234,2.836,134.0088,175.6622,456.2894
RC,7/25/21 14:54,burned,tributary,ISCO,7/25/21,flood,9.8075,363,NA,NA,1.3775,NA,0.01255,0.2677,2.586,4.7405,0.0023,0.6972,222.427,4.5214,130.3002,176.3932,465.6632
RC,7/25/21 15:09,burned,tributary,ISCO,7/25/21,flood,9.5405,586,NA,NA,1.3955,NA,0.02485,0.3991,3.6244,8.5845,0.0023,0.9555,308.9868,4.6258,121.5182,205.113,536.6088
RC,7/25/21 15:24,burned,tributary,ISCO,7/25/21,flood,7.867,332,NA,NA,1.354,NA,0.003,0.2276,2.9207,6.8214,0.0023,1.0887,287.6806,5.5058,110.5592,201.875,601.613
RC,7/25/21 15:39,burned,tributary,ISCO,7/25/21,flood,NA,385.5,NA,NA,NA,NA,0.003,NA,NA,NA,NA,NA,NA,NA,NA,NA,NA
RC,7/25/21 15:54,burned,tributary,ISCO,7/25/21,flood,7.276,446.5,NA,NA,1.983,NA,0.003,NA,NA,NA,NA,NA,NA,NA,NA,NA,NA
RC,7/25/21 16:09,burned,tributary,ISCO,7/25/21,flood,5.9785,506,18.82,0.176,0.004,NA,0.02745,0.2489,2.8999,6.8414,0.0023,1.757,229.4555,1.53,65.1725,145.8,477.584
RC,7/25/21 17:09,burned,tributary,ISCO,7/25/21,flood,8.7325,158,NA,NA,2.632,NA,0.003,NA,NA,NA,NA,NA,185.3668,4.8612,27.1396,164.1284,270.1966
RC,7/25/21 17:56,burned,tributary,GRAB,7/25/21,flood,NA,NA,19.355,NA,NA,NA,NA,0.6118,4.1532,11.0192,0.0023,3.5376,412.1205,7.5,88.7815,177.638,618.065
RC,7/25/21 18:09,burned,tributary,ISCO,7/25/21,flood,9.685,NA,NA,NA,3.1095,NA,NA,NA,NA,NA,NA,NA,164.5272,5.0334,26.3148,147.0688,204.516
RC,7/25/21 18:10,burned,tributary,ISCO,7/25/21,flood,NA,307.5,NA,NA,NA,NA,0.0109,NA,NA,NA,NA,NA,NA,NA,NA,NA,NA
RC,7/25/21 19:09,burned,tributary,ISCO,7/25/21,flood,9.5435,372.5,NA,NA,3.316,NA,0.003,NA,NA,NA,NA,NA,90.638,5.5488,18.28,92.8822,148.8812
RC,7/25/21 20:09,burned,tributary,ISCO,7/25/21,flood,11.72,296.5,NA,NA,4.066,NA,0.003,NA,NA,NA,NA,NA,124.7282,5.8224,27.1262,123.072,196.4862
RC,7/25/21 21:09,burned,tributary,ISCO,7/25/21,flood,11.675,335,NA,NA,4.3665,NA,0.01178,NA,NA,NA,NA,NA,188.8148,5.4984,41.6042,188.9652,228.341
RC,7/25/21 22:09,burned,tributary,ISCO,7/25/21,flood,10.8,NA,NA,NA,3.573,NA,NA,NA,NA,NA,NA,NA,178.6788,5.162,41.398,182.87,263.1102
RC,7/25/21 22:10,burned,tributary,ISCO,7/25/21,flood,NA,401.5,NA,NA,NA,NA,0.04475,NA,NA,NA,NA,NA,NA,NA,NA,NA,NA
RC,7/25/21 23:09,burned,tributary,ISCO,7/25/21,flood,10.75,342,NA,NA,2.808,NA,0.003,NA,NA,NA,NA,NA,176.415,5.4926,42.0782,175.2034,269.3156
RC,7/26/21 0:09,burned,tributary,ISCO,7/25/21,flood,11.545,354,NA,NA,2.126,NA,0.1265,NA,NA,NA,NA,NA,NA,NA,NA,NA,NA
RC,7/26/21 1:09,burned,tributary,ISCO,7/25/21,flood,10.865,550,NA,NA,2.5895,NA,0.1645,NA,NA,NA,NA,NA,NA,NA,NA,NA,NA
RC,7/26/21 2:09,burned,tributary,ISCO,7/25/21,flood,9.939,541,NA,NA,2.1275,NA,0.149,NA,NA,NA,NA,NA,NA,NA,NA,NA,NA
RC,7/26/21 3:09,burned,tributary,ISCO,7/25/21,flood,11.36,505,NA,NA,2.573,NA,0.0559,NA,NA,NA,NA,NA,NA,NA,NA,NA,NA
RC,7/26/21 4:09,burned,tributary,ISCO,7/25/21,flood,7.042,531.5,25.985,0.24,1.899,NA,0.161,1.5133,9.7899,20.9809,0.8545,5.49,245.1995,1.53,84.1985,137.725,553.096
RC,7/26/21 15:39,burned,tributary,ISCO,7/25/21,flood,8.9055,NA,NA,NA,1.334,NA,NA,NA,NA,NA,NA,NA,NA,NA,NA,NA,NA
RC,7/26/21 15:54,burned,tributary,ISCO,7/25/21,flood,8.66,NA,NA,NA,1.539,NA,NA,NA,NA,NA,NA,NA,NA,NA,NA,NA,NA
RC,8/12/21 8:03,burned,tributary,GRAB,8/12/21,flood,16.28,NA,33.975,NA,NA,NA,NA,NA,NA,NA,NA,NA,NA,NA,NA,NA,NA
RC,8/13/21 22:17,burned,tributary,ISCO,8/12/21,flood,13.13,486,27.35,0.596,2.655,NA,0.456,0.1734,2.3134,5.1603,0.1005,1.4658,29.8695,20.8625,46.177,43.874,348.61
RC,8/14/21 0:31,burned,tributary,ISCO,8/14/21,flood,13.61,474,28.26,0.656,13.62842,NA,0.0901,0.3389,3.6822,11.069,0.0355,3.4331,226.5025,1.53,68.2305,178.273,653.132
RC,8/14/21 4:01,burned,tributary,ISCO,8/14/21,flood,12.23,429,31.75,0.494,15.29086,NA,0.0387,0.8402,7.9731,33.6593,0.0307,6.8512,281.368,1.53,66.663,169.5895,604.556
RC,8/14/21 22:31,burned,tributary,ISCO,8/13/21,flood,NA,NA,NA,NA,NA,13.62,NA,NA,NA,NA,NA,NA,NA,NA,NA,NA,NA
RC,8/18/21 15:06,burned,tributary,ISCO,8/18/21,flood,6.158,315.5,23.005,0.205,1.126,NA,0.0678,0.2392,1.7337,4.0296,0.0023,1.5093,96.5425,1.53,54.391,105.268,511.6165
RC,8/18/21 15:21,burned,tributary,ISCO,8/18/21,flood,3.9045,NA,NA,NA,0.69605,13.37,NA,NA,NA,NA,NA,NA,NA,NA,NA,NA,NA
RC,8/18/21 15:36,burned,tributary,ISCO,8/18/21,flood,9.757,377,NA,NA,1.6115,14.7,0.133,NA,NA,NA,NA,NA,NA,NA,NA,NA,NA
RC,8/18/21 15:51,burned,tributary,ISCO,8/18/21,flood,5.118,332,NA,NA,0.99775,14.335,0.0678,NA,NA,NA,NA,NA,NA,NA,NA,NA,NA
RC,8/18/21 16:06,burned,tributary,ISCO,8/18/21,flood,6.023,297,NA,NA,1.3045,13.5,0.0567,NA,NA,NA,NA,NA,NA,NA,NA,NA,NA
RC,8/18/21 16:21,burned,tributary,ISCO,8/18/21,flood,4.391,303.5,NA,NA,1.01835,12.135,0.05555,NA,NA,NA,NA,NA,NA,NA,NA,NA,NA
RC,8/18/21 16:36,burned,tributary,ISCO,8/18/21,flood,5.6905,309.5,NA,NA,0.98305,11.015,0.113,NA,NA,NA,NA,NA,NA,NA,NA,NA,NA
RC,8/18/21 16:51,burned,tributary,ISCO,8/18/21,flood,4.7115,285,NA,NA,0.9213,10.3,0.064,NA,NA,NA,NA,NA,NA,NA,NA,NA,NA
RC,8/18/21 17:06,burned,tributary,ISCO,8/18/21,flood,5.8105,344.5,21.725,0.149,3.025,NA,0.03585,0.3703,2.9728,6.51,0.0023,1.2829,164.8965,7.3295,29.0405,144.3225,675.2315
RC,8/18/21 17:21,burned,tributary,ISCO,8/18/21,flood,8.3725,NA,NA,NA,1.259,12.765,NA,NA,NA,NA,NA,NA,184.3284,6.1922,44.0868,197.9592,274.0802
RC,8/18/21 17:36,burned,tributary,ISCO,8/18/21,flood,10.69,NA,NA,NA,1.4095,11.645,NA,NA,NA,NA,NA,NA,177.4854,6.0318,42.3872,180.7216,239.7938
RC,8/18/21 17:51,burned,tributary,ISCO,8/18/21,flood,12.56,NA,NA,NA,1.7715,16.34,NA,NA,NA,NA,NA,NA,180.7336,5.9262,43.1526,187.726,311.5746
RC,8/18/21 18:21,burned,tributary,ISCO,8/18/21,flood,7.597166667,279,NA,NA,0.990433333,14.56,0.0863,NA,NA,NA,NA,NA,128.7588,5.229,29.4246,128.2032,169.853
RC,8/18/21 19:21,burned,tributary,ISCO,8/18/21,flood,8.6075,268,NA,NA,1.112,16.475,0.0528,NA,NA,NA,NA,NA,NA,NA,NA,NA,NA
RC,8/18/21 20:21,burned,tributary,ISCO,8/18/21,flood,9.0685,276,NA,NA,1.326,15.145,0.0171,NA,NA,NA,NA,NA,NA,NA,NA,NA,NA
RC,8/18/21 21:21,burned,tributary,ISCO,8/18/21,flood,8.869,258,NA,NA,1.5295,11.1505,0.02735,NA,NA,NA,NA,NA,NA,NA,NA,NA,NA
RC,8/18/21 22:21,burned,tributary,ISCO,8/18/21,flood,106.035,NA,NA,NA,1.5355,12.96,NA,NA,NA,NA,NA,NA,225.4186,6.06,47.3078,198.2194,244.111
RC,8/19/21 0:21,burned,tributary,ISCO,8/18/21,flood,6.177,311.5,29.635,0.254,2.359,NA,0.0267,0.252,3.8127,10.7723,0.0023,1.5576,224.8305,1.53,43.285,172.137,622.573
RC,9/1/21 1:59,burned,tributary,ISCO,9/1/21,flood,8.27,270.5,NA,0.263,1.317,NA,0.117,0.3754,7.2103,12.3051,0.0103,0.5907,368.859,5.0545,89.181,217.7785,855.744
RC,9/1/21 2:14,burned,tributary,ISCO,9/1/21,flood,NA,NA,NA,NA,NA,NA,NA,0.2894,2.3984,4.2112,0.0138,0.313,251.5088,2.5408,85.47915,196.93195,698.00955
RC,9/1/21 2:29,burned,tributary,ISCO,9/1/21,flood,NA,234,NA,NA,NA,NA,0.03195,0.3357,2.3698,4.9514,0.0128,0.4553,223.8759,2.7031,78.527,176.4944,540.0896
RC,9/1/21 2:44,burned,tributary,ISCO,9/1/21,flood,NA,241,NA,NA,NA,NA,0.04255,0.2679,2.6006,5.4162,0.0229,0.5502,190.08315,3.0623,75.1451,149.1436,450.39055
RC,9/1/21 2:59,burned,tributary,ISCO,9/1/21,flood,NA,241,NA,NA,NA,NA,0.0382,0.3938,2.5949,5.0588,0.0134,0.5709,160.16015,2.73565,65.83665,122.42435,314.88555
RC,9/1/21 3:14,burned,tributary,ISCO,9/1/21,flood,NA,225.5,18.13,NA,NA,NA,0.02755,0.2076,5.6158,2.6599,0.0051,0.3188,260.1354,3.835,101.0754,202.604,145.8828
RC,9/1/21 3:29,burned,tributary,ISCO,9/1/21,flood,NA,180.5,NA,NA,NA,NA,0.0235,0.2697,2.1592,4.4548,0.0101,0.516,138.8032,2.03,60.4326,91.9572,304.9396
RC,9/1/21 3:44,burned,tributary,ISCO,9/1/21,flood,NA,246,16.77,NA,NA,NA,0.0321,0.2885,3.4833,5.8251,0.0224,0.7516,98.3096,2.1228,53.8516,61.093,249.2812
RC,9/1/21 3:59,burned,tributary,ISCO,9/1/21,flood,5.5905,322,NA,0.298,1.317,NA,0.0599,0.205,3.9939,3.2242,0.0023,0.5245,273.9805,5.076,91.571,212.59,659.715
RC,9/1/21 4:14,burned,tributary,ISCO,9/1/21,flood,6.8335,288.75,12.585,NA,1.1015,NA,0.043875,0.3179,3.9871,6.1425,0.005,0.8685,273.426,3.05805,100.463,199.5664,621.6593
RC,9/1/21 4:29,burned,tributary,ISCO,9/1/21,flood,7.319,335.25,14.185,NA,1.1115,NA,0.077125,0.4899,4.6691,6.7345,0.0023,1.1165,214.4212,3.9008,84.8012,146.3784,451.6244
RC,9/1/21 4:44,burned,tributary,ISCO,9/1/21,flood,7.5735,283.25,19.43,NA,1.584,NA,0.15515,0.3023,3.3199,6.5096,0.0121,0.9501,284.0818,7.4444,102.49,191.918,597.9448
RC,9/1/21 5:14,burned,tributary,ISCO,9/1/21,flood,NA,247.5,18.46,NA,NA,NA,0.0754,0.3186,3.4733,6.9692,0.0023,1.0421,346.234,1.224,119.1896,235.4836,676.9328
RC,9/1/21 6:14,burned,tributary,ISCO,9/1/21,flood,8.179,158,20.195,NA,1.692,NA,0.06175,0.3377,3.4207,7.8357,0.0082,1.4604,270.598,2.4912,86.3476,163.042,528.4568
RC,9/1/21 7:14,burned,tributary,ISCO,9/1/21,flood,8.326,213.5,18.84,NA,1.851,NA,0.04665,0.3586,3.7894,9.4427,0.0023,1.6956,NA,NA,NA,NA,NA
RC,9/1/21 7:38,burned,tributary,GRAB,9/1/21,flood,8.098,298.5,NA,0.2,1.484,NA,0.0881,0.702,4.4376,12.2699,0.0023,1.4356,512.358,5.848,76.937,228.4095,777.4115
RC,9/1/21 8:14,burned,tributary,ISCO,9/1/21,flood,8.633,235,NA,NA,1.965,NA,0.05865,0.6903,5.0615,14.989,0.0023,2.2713,446.8302,3.3052,116.738,245.8802,13.4902
RC,9/1/21 9:14,burned,tributary,ISCO,9/1/21,flood,8.8845,334,20.03,NA,1.8295,NA,0.06755,0.6571,4.685,12.0938,0.0023,1.7544,NA,NA,NA,NA,NA
RC,9/1/21 10:14,burned,tributary,ISCO,9/1/21,flood,6.888,235,20.37,0.224,2.41,NA,0.0259,NA,NA,NA,NA,NA,468.4855,1.53,84.5775,315.3585,834.435
RC,9/1/21 12:15,burned,tributary,GRAB,9/1/21,flood,9.005,NA,NA,NA,1.943,NA,NA,NA,NA,NA,NA,NA,NA,NA,NA,NA,NA
RC,9/1/21 14:14,burned,tributary,ISCO,9/1/21,flood,6.707,NA,NA,NA,0.004,NA,NA,NA,NA,NA,NA,NA,NA,NA,NA,NA,NA
RC,9/1/21 14:29,burned,tributary,ISCO,9/1/21,flood,7.282,NA,NA,NA,0.76,NA,NA,NA,NA,NA,NA,NA,NA,NA,NA,NA,NA
RC,9/1/21 14:44,burned,tributary,ISCO,9/1/21,flood,7.14,NA,NA,NA,0.92375,NA,NA,NA,NA,NA,NA,NA,NA,NA,NA,NA,NA
RC,9/1/21 14:59,burned,tributary,ISCO,9/1/21,flood,6.7715,NA,NA,NA,0.6612,NA,NA,NA,NA,NA,NA,NA,NA,NA,NA,NA,NA
RC,9/1/21 15:14,burned,tributary,ISCO,9/1/21,flood,5.206,NA,NA,NA,0.55395,NA,NA,NA,NA,NA,NA,NA,NA,NA,NA,NA,NA
RC,9/1/21 15:29,burned,tributary,ISCO,9/1/21,flood,6.5135,NA,NA,NA,0.72795,NA,NA,NA,NA,NA,NA,NA,NA,NA,NA,NA,NA
RC,9/1/21 15:44,burned,tributary,ISCO,9/1/21,flood,5.7435,NA,NA,NA,0.6888,NA,NA,NA,NA,NA,NA,NA,NA,NA,NA,NA,NA
RC,12/31/21 0:11,burned,tributary,ISCO,12/31/21,flood,NA,123,NA,NA,NA,NA,0.0284,NA,NA,NA,NA,NA,326.1263,9.7042,47.1549,160.6887,357.5176
RC,12/31/21 21:41,burned,tributary,ISCO,12/31/21,flood,NA,109.5,NA,NA,NA,NA,0.003,NA,NA,NA,NA,NA,351.8299,4.8411,43.8305,168.3098,465.4658
RC,12/31/21 21:56,burned,tributary,ISCO,12/31/21,flood,NA,107.5,NA,NA,NA,NA,0.003,NA,NA,NA,NA,NA,244.5272,2.8896,33.0219,107.9385,361.9372
RC,12/31/21 22:11,burned,tributary,ISCO,12/31/21,flood,NA,120.5,NA,NA,NA,NA,0.003,NA,NA,NA,NA,NA,345.2288,8.3505,41.5478,158.5573,367.5772
RC,12/31/21 22:26,burned,tributary,ISCO,12/31/21,flood,NA,103,NA,NA,NA,NA,0.003,NA,NA,NA,NA,NA,505.39,13.1614,48.9528,171.5764,360.7429
RC,12/31/21 22:41,burned,tributary,ISCO,12/31/21,flood,NA,99.7,NA,NA,NA,NA,0.003,NA,NA,NA,NA,NA,502.8714,8.0303,53.732,159.8222,426.7368
RC,12/31/21 22:56,burned,tributary,ISCO,12/31/21,flood,NA,160,NA,NA,NA,NA,0.003,NA,NA,NA,NA,NA,244.8217,6.0396,30.8304,124.3022,326.2394
RC,12/31/21 23:11,burned,tributary,ISCO,12/31/21,flood,NA,141.5,NA,NA,NA,NA,0.003,NA,NA,NA,NA,NA,169.539,4.1139,20.615,63.4234,147.2222
RC,12/31/21 23:26,burned,tributary,ISCO,12/31/21,flood,NA,119,NA,NA,NA,NA,0.003,NA,NA,NA,NA,NA,198.7994,7.7616,24.0263,82.3514,197.0256
RC,12/31/21 23:41,burned,tributary,ISCO,12/31/21,flood,NA,121,NA,NA,NA,NA,0.003,NA,NA,NA,NA,NA,192.3082,5.9428,24.6479,78.0345,181.2447
RC,12/31/21 23:56,burned,tributary,ISCO,12/31/21,flood,NA,121.5,NA,NA,NA,NA,0.003,NA,NA,NA,NA,NA,308.662,7.735,42.3977,137.0119,282.4831
RC,1/1/22 0:11,burned,tributary,ISCO,1/1/22,flood,8.4415,NA,NA,NA,1.551,9.979,NA,NA,NA,NA,NA,NA,326.1263,9.7042,47.1549,160.6887,357.5176
RC,1/1/22 0:16,burned,tributary,ISCO,1/1/22,flood,12.235,NA,NA,NA,1.731,NA,NA,NA,NA,NA,NA,NA,365.7873,3.7132,43.15,180.4576,553.7486
RC,1/1/22 1:11,burned,tributary,ISCO,12/31/21,flood,NA,86.5,NA,NA,NA,NA,0.003,NA,NA,NA,NA,NA,244.3728,8.3321,42.9971,132.3358,285.6443
RC,1/1/22 1:11,burned,tributary,ISCO,1/1/22,flood,8.879,NA,NA,NA,1.2635,12.35,NA,NA,NA,NA,NA,NA,244.3728,8.3321,42.9971,132.3358,285.6443
RC,1/1/22 2:11,burned,tributary,ISCO,12/31/21,flood,NA,129,NA,NA,NA,NA,0.003,NA,NA,NA,NA,NA,207.381,4.5422,40.0444,117.7948,270.6613
RC,1/1/22 2:11,burned,tributary,ISCO,1/1/22,flood,8.807,NA,NA,NA,1.118,10.1735,NA,NA,NA,NA,NA,NA,207.381,4.5422,40.0444,117.7948,270.6613
RC,1/1/22 3:11,burned,tributary,ISCO,12/31/21,flood,NA,86.95,NA,NA,NA,NA,0.003,NA,NA,NA,NA,NA,218.3659,7.6138,44.156,122.9832,266.8185
RC,1/1/22 3:11,burned,tributary,ISCO,1/1/22,flood,NA,NA,NA,NA,NA,10.005,NA,NA,NA,NA,NA,NA,218.3659,7.6138,44.156,122.9832,266.8185
RC,1/1/22 4:11,burned,tributary,ISCO,12/31/21,flood,NA,69.8,NA,NA,NA,NA,0.003,NA,NA,NA,NA,NA,219.647,5.5692,43.1935,120.3701,264.5668
RC,1/1/22 4:11,burned,tributary,ISCO,1/1/22,flood,NA,NA,NA,NA,NA,9.431,NA,NA,NA,NA,NA,NA,219.647,5.5692,43.1935,120.3701,264.5668
RC,1/1/22 5:11,burned,tributary,ISCO,12/31/21,flood,NA,93.7,NA,NA,NA,NA,0.003,NA,NA,NA,NA,NA,163.2996,9.04,30.3924,77.3806,197.1724
RC,1/1/22 5:11,burned,tributary,ISCO,1/1/22,flood,NA,NA,NA,NA,NA,10.12,NA,NA,NA,NA,NA,NA,163.2996,9.04,30.3924,77.3806,197.1724
RC,1/1/22 6:01,burned,tributary,ISCO,1/1/22,flood,9.55,NA,NA,NA,1.222,NA,NA,NA,NA,NA,NA,NA,218.3659,7.6138,44.156,122.9832,266.8185
RC,1/1/22 6:11,burned,tributary,ISCO,12/31/21,flood,NA,62.75,NA,NA,NA,NA,0.003,NA,NA,NA,NA,NA,194.5929,6.9651,36.948,92.3239,227.0069
RC,1/1/22 6:11,burned,tributary,ISCO,1/1/22,flood,NA,NA,NA,NA,NA,9.8805,NA,NA,NA,NA,NA,NA,194.5929,6.9651,36.948,92.3239,227.0069
RC,1/1/22 7:01,burned,tributary,ISCO,1/1/22,flood,9.46,NA,NA,NA,1.2955,NA,NA,NA,NA,NA,NA,NA,219.647,5.5692,43.1935,120.3701,264.5668
RC,1/1/22 7:11,burned,tributary,ISCO,12/31/21,flood,NA,110.3,NA,NA,NA,NA,0.003,NA,NA,NA,NA,NA,177.6714,6.1006,35.4162,83.1524,247.6522
RC,1/1/22 7:11,burned,tributary,ISCO,1/1/22,flood,NA,NA,NA,NA,NA,9.2395,NA,NA,NA,NA,NA,NA,177.6714,6.1006,35.4162,83.1524,247.6522
RC,1/1/22 8:01,burned,tributary,ISCO,1/1/22,flood,9.3905,NA,NA,NA,1.2745,NA,NA,NA,NA,NA,NA,NA,163.2996,9.04,30.3924,77.3806,197.1724
RC,1/1/22 8:11,burned,tributary,ISCO,12/31/21,flood,NA,124.5,NA,NA,NA,NA,0.003,NA,NA,NA,NA,NA,122.8661,2.1793,23.907,59.3609,187.618
RC,1/1/22 8:11,burned,tributary,ISCO,1/1/22,flood,NA,NA,NA,NA,NA,9.1125,NA,NA,NA,NA,NA,NA,122.8661,2.1793,23.907,59.3609,187.618
RC,1/1/22 9:01,burned,tributary,ISCO,1/1/22,flood,8.9415,NA,NA,NA,1.605,NA,NA,NA,NA,NA,NA,NA,194.5929,6.9651,36.948,92.3239,227.0069
RC,1/1/22 9:11,burned,tributary,ISCO,1/1/22,flood,NA,NA,NA,NA,NA,9.2115,NA,NA,NA,NA,NA,NA,131.097,3.7514,25.8254,68.1057,267.0965
RC,1/1/22 10:01,burned,tributary,ISCO,1/1/22,flood,8.389,NA,NA,NA,1.1955,NA,NA,NA,NA,NA,NA,NA,177.6714,6.1006,35.4162,83.1524,247.6522
RC,1/1/22 11:01,burned,tributary,ISCO,1/1/22,flood,8.6505,NA,NA,NA,1.2595,NA,NA,NA,NA,NA,NA,NA,122.8661,2.1793,23.907,59.3609,187.618
RC,1/1/22 12:01,burned,tributary,ISCO,1/1/22,flood,8.7295,NA,NA,NA,1.486,NA,NA,NA,NA,NA,NA,NA,131.097,3.7514,25.8254,68.1057,267.0965
RC,1/1/22 19:41,burned,tributary,ISCO,12/31/21,flood,NA,NA,NA,NA,NA,13.65,NA,NA,NA,NA,NA,NA,365.7873,3.7132,43.15,180.4576,553.7486
RC,1/1/22 21:41,burned,tributary,ISCO,12/31/21,flood,8.172,NA,NA,NA,1.473,8.922,NA,NA,NA,NA,NA,NA,351.8299,4.8411,43.8305,168.3098,465.4658
RC,1/1/22 21:56,burned,tributary,ISCO,12/31/21,flood,7.2435,NA,NA,NA,1.4715,7.8115,NA,NA,NA,NA,NA,NA,244.5272,2.8896,33.0219,107.9385,361.9372
RC,1/1/22 22:11,burned,tributary,ISCO,12/31/21,flood,7.5375,NA,NA,NA,1.5505,8.049,NA,NA,NA,NA,NA,NA,345.2288,8.3505,41.5478,158.5573,367.5772
RC,1/1/22 22:26,burned,tributary,ISCO,12/31/21,flood,8.066,NA,NA,NA,1.4885,8.7115,NA,NA,NA,NA,NA,NA,505.39,13.1614,48.9528,171.5764,360.7429
RC,1/1/22 22:41,burned,tributary,ISCO,12/31/21,flood,8.9015,NA,NA,NA,1.541,9.443,NA,NA,NA,NA,NA,NA,502.8714,8.0303,53.732,159.8222,426.7368
RC,1/1/22 22:56,burned,tributary,ISCO,12/31/21,flood,9.2805,NA,NA,NA,1.6565,9.5405,NA,NA,NA,NA,NA,NA,244.8217,6.0396,30.8304,124.3022,326.2394
RC,1/1/22 23:11,burned,tributary,ISCO,12/31/21,flood,9.024,NA,NA,NA,1.7225,8.951,NA,NA,NA,NA,NA,NA,169.539,4.1139,20.615,63.4234,147.2222
RC,1/1/22 23:26,burned,tributary,ISCO,12/31/21,flood,8.8425,NA,NA,NA,1.6235,8.588,NA,NA,NA,NA,NA,NA,198.7994,7.7616,24.0263,82.3514,197.0256
RC,1/1/22 23:41,burned,tributary,ISCO,12/31/21,flood,8.0845,NA,NA,NA,1.5225,8.6405,NA,NA,NA,NA,NA,NA,192.3082,5.9428,24.6479,78.0345,181.2447
RC,1/1/22 23:56,burned,tributary,ISCO,12/31/21,flood,8.114,NA,NA,NA,1.2945,8.744,NA,NA,NA,NA,NA,NA,308.662,7.735,42.3977,137.0119,282.4831
RV,8/31/20 12:00,burned,mainstem,GRAB,8/30/20,flood,109.3766667,96.3,115.4,NA,10.252,NA,0.27,NA,NA,NA,NA,NA,NA,NA,NA,NA,NA
RV,7/14/21 8:36,burned,mainstem,GRAB,7/14/21,flood,26.725,599,29.73,0.134,1.797,NA,1.595,1.0773,6.7456,3.5439,2.904,1.6763,92.9745,53.6195,146.219,78.196,819.8685
RV,7/23/21 15:30,burned,mainstem,GRAB,7/22/21,flood,14.39,557.5,34.795,0.276,1.917,NA,0.5745,0.2777,5.1246,7.6693,0.0631,2.0132,111.0565,19.426,114.3175,138.819,519.5765
RV,7/24/21 10:00,burned,mainstem,GRAB,7/23/21,flood,12.61,280.5,31.695,0.00465,0.004,NA,0.1375,0.3201,11.2179,16.8511,0.0023,3.5227,284.475,1.53,62.6155,201.743,456.276
RV,7/25/21 15:20,burned,mainstem,GRAB,7/25/21,flood,10.275,482.5,23.775,0.118,0.841,NA,0.09075,0.2784,4.3576,6.3465,0.0023,1.633,266.2835,1.53,138.818,219.3205,629.8825
RV,8/12/21 8:19,burned,mainstem,GRAB,8/12/21,flood,17.16,NA,NA,NA,3.255,NA,NA,NA,NA,NA,NA,NA,NA,NA,NA,NA,NA
RV,8/12/21 8:48,burned,mainstem,GRAB,8/12/21,flood,NA,NA,NA,NA,NA,12.615,NA,NA,NA,NA,NA,NA,NA,NA,NA,NA,NA
RV,9/1/21 8:59,burned,mainstem,GRAB,9/1/21,flood,7.339,210.5,NA,0.166,1.0785,8.3485,0.02745,0.1491,2.1874,3.065,0.0023,0.6636,320.953,1.53,69.9775,283.9045,832.482
RV,12/10/21 10:15,burned,mainstem,GRAB,12/10/21,flood,4.388,NA,NA,NA,0.004,7.4395,NA,NA,NA,NA,NA,NA,NA,NA,NA,NA,NA
RV,12/11/21 10:15,burned,mainstem,GRAB,12/10/21,flood,NA,100.2,NA,NA,NA,NA,0.0203,NA,NA,NA,NA,NA,NA,NA,NA,NA,NA
RV,1/1/22 11:03,burned,mainstem,GRAB,1/1/22,flood,7.522,63.6,NA,NA,0.79095,7.5655,0.003,NA,NA,NA,NA,NA,218.7458,4.3819,36.7913,202.9555,383.3751
SS,7/24/20 12:00,burned,mainstem,GRAB,NA,baseflow,4.026,NA,NA,NA,0.004,NA,0.0418,NA,NA,NA,NA,NA,NA,NA,NA,NA,NA
SS,7/28/20 12:00,burned,mainstem,GRAB,7/24/20,flood,26.25,NA,NA,NA,1.8565,NA,0.1905,NA,NA,NA,NA,NA,NA,NA,NA,NA,NA
SS,8/27/20 10:30,burned,mainstem,GRAB,NA,baseflow,2.704666667,44.63333333,NA,NA,0.004,NA,0.03305,NA,NA,NA,NA,NA,NA,NA,NA,NA,NA
SS,8/31/20 9:45,burned,mainstem,GRAB,8/30/20,flood,33.81666667,312.3333333,66.27,NA,2.072333333,NA,0.212666667,NA,NA,NA,NA,NA,NA,NA,NA,NA,NA
SS,7/14/21 8:15,burned,mainstem,GRAB,7/14/21,flood,15.64,991.3333333,NA,NA,3.708,38.395,1.03,NA,NA,NA,NA,NA,NA,NA,NA,NA,NA
SS,7/14/21 10:00,burned,mainstem,GRAB,7/14/21,flood,NA,NA,NA,NA,NA,40.035,NA,NA,NA,NA,NA,NA,NA,NA,NA,NA,NA
SS,7/14/21 16:00,burned,mainstem,GRAB,7/14/21,flood,20.135,1166,NA,NA,4.5055,29.955,1.25,NA,NA,NA,NA,NA,NA,NA,NA,NA,NA
SS,7/23/21 18:56,burned,mainstem,ISCO,7/22/21,flood,15.6,517,33.785,0.206,1.169,NA,0.338,0.2648,6.0279,9.182,0.0413,1.7505,99.387,6.5595,73.555,160.4695,646.2825
SS,7/23/21 22:05,burned,mainstem,ISCO,7/22/21,flood,11.595,414,26.965,0.419,0.979,NA,0.149,0.3283,9.701,18.3515,0.0348,3.4602,104.057,1.53,49.008,102.3365,357.5935
SS,7/24/21 10:56,burned,mainstem,GRAB,7/23/21,flood,12.1,323.5,29.935,0.205,1.904,NA,0.1315,0.2744,13.6463,23.4255,0.0152,3.0687,286.0725,1.53,52.0985,216.3415,475.699
SS,7/25/21 16:35,burned,mainstem,ISCO,7/25/21,flood,8.9155,419.5,28.75,0.144,1.066,NA,0.09615,NA,NA,NA,NA,NA,NA,NA,NA,NA,NA
SS,7/25/21 16:50,burned,mainstem,ISCO,7/25/21,flood,11.35,NA,NA,NA,1.682,13.62,NA,NA,NA,NA,NA,NA,NA,NA,NA,NA,NA
SS,7/25/21 17:05,burned,mainstem,ISCO,7/25/21,flood,11.215,481.5,NA,NA,1.4905,NA,0.1625,NA,NA,NA,NA,NA,NA,NA,NA,NA,NA
SS,7/25/21 17:08,burned,mainstem,GRAB,7/25/21,flood,8.619,448.5,25.945,0.288,1.467,NA,0.0624,0.2548,5.3823,7.94,0.0186,2.5548,149.549,1.53,80.957,128.985,539.158
SS,7/25/21 17:20,burned,mainstem,ISCO,7/25/21,flood,10.4395,316,NA,NA,2.193,NA,0.09585,NA,NA,NA,NA,NA,NA,NA,NA,NA,NA
SS,7/25/21 17:35,burned,mainstem,ISCO,7/25/21,flood,9.8935,583.1666667,25.15,0.248,1.657,NA,0.1745,0.3012,5.5079,7.9774,0.0388,2.0332,174.9455,7.1695,79.814,141.3365,389.815
SS,7/25/21 17:50,burned,mainstem,ISCO,7/25/21,flood,9.504,343,NA,NA,2.4285,NA,0.0938,NA,NA,NA,NA,NA,NA,NA,NA,NA,NA
SS,7/25/21 18:05,burned,mainstem,ISCO,7/25/21,flood,9.247,388,NA,NA,2.16,NA,0.095,NA,NA,NA,NA,NA,NA,NA,NA,NA,NA
SS,7/25/21 18:20,burned,mainstem,ISCO,7/25/21,flood,9.046,315,NA,NA,2.536,NA,0.06415,NA,NA,NA,NA,NA,NA,NA,NA,NA,NA
SS,7/25/21 18:35,burned,mainstem,ISCO,7/25/21,flood,9.5135,529,NA,NA,2.371,NA,0.1275,NA,NA,NA,NA,NA,NA,NA,NA,NA,NA
SS,7/25/21 18:50,burned,mainstem,ISCO,7/25/21,flood,9.081,465.5,21.935,0.172,0.989,NA,0.08645,0.1777,4.3814,10.1074,0.0023,2.9198,111.873,5.579,60.876,108.84,375.9885
SS,7/26/21 18:05,burned,mainstem,ISCO,7/25/21,flood,10.76,NA,NA,NA,2.226,NA,NA,NA,NA,NA,NA,NA,NA,NA,NA,NA,NA
SS,7/31/21 9:45,burned,mainstem,GRAB,7/31/21,flood,27.44,377.5,62.21,0.164,3.177,NA,0.198,0.3428,7.113,24.6063,0.0712,6.7523,370.737,8.7745,231.7485,370.667,917.7765
SS,8/12/21 8:48,burned,mainstem,GRAB,8/12/21,flood,NA,NA,NA,NA,NA,12.995,NA,NA,NA,NA,NA,NA,NA,NA,NA,NA,NA
SS,8/12/21 10:14,burned,mainstem,GRAB,8/12/21,flood,12.22,NA,NA,NA,3.308,NA,NA,NA,NA,NA,NA,NA,NA,NA,NA,NA,NA
SS,8/13/21 22:45,burned,mainstem,ISCO,8/12/21,flood,9.742,477,28.215,0.62,2.7925,NA,0.214,0.643,11.3664,23.6507,0.1537,3.9054,267.6316,21.6376,80.1032,195.642,549.552
SS,8/13/21 23:00,burned,mainstem,ISCO,8/12/21,flood,10.07,477,NA,NA,1.946,NA,0.185,NA,NA,NA,NA,NA,NA,NA,NA,NA,NA
SS,8/13/21 23:15,burned,mainstem,ISCO,8/12/21,flood,9.393,477,NA,NA,2.459,NA,0.212,NA,NA,NA,NA,NA,NA,NA,NA,NA,NA
SS,8/13/21 23:30,burned,mainstem,ISCO,8/12/21,flood,9.567,438,NA,NA,2.492,NA,0.178,NA,NA,NA,NA,NA,NA,NA,NA,NA,NA
SS,8/13/21 23:45,burned,mainstem,ISCO,8/12/21,flood,9.67,404,NA,NA,3.801,NA,0.231,NA,NA,NA,NA,NA,NA,NA,NA,NA,NA
SS,8/14/21 0:00,burned,mainstem,ISCO,8/14/21,flood,9.218,416,NA,NA,2.632,NA,0.159,NA,NA,NA,NA,NA,NA,NA,NA,NA,NA
SS,8/14/21 0:15,burned,mainstem,ISCO,8/14/21,flood,9.844,441,NA,NA,3.19,NA,0.165,NA,NA,NA,NA,NA,NA,NA,NA,NA,NA
SS,8/14/21 0:30,burned,mainstem,ISCO,8/14/21,flood,10.28,476,NA,NA,2.452,NA,0.184,NA,NA,NA,NA,NA,NA,NA,NA,NA,NA
SS,8/14/21 0:45,burned,mainstem,ISCO,8/14/21,flood,9.754,493,NA,NA,2.622,NA,0.198,NA,NA,NA,NA,NA,NA,NA,NA,NA,NA
SS,8/14/21 1:00,burned,mainstem,ISCO,8/14/21,flood,9.622,500,NA,NA,2.67,NA,0.214,NA,NA,NA,NA,NA,NA,NA,NA,NA,NA
SS,8/14/21 1:15,burned,mainstem,ISCO,8/14/21,flood,11.67,666,22.81,0.65,2.256,NA,0.286,0.4875,10.4416,26.598,0.1188,6.2334,274.0875,13.397,74.153,202.243,556.6675
SS,8/14/21 1:30,burned,mainstem,ISCO,8/14/21,flood,10.06,525,NA,NA,2.585,NA,0.226,NA,NA,NA,NA,NA,NA,NA,NA,NA,NA
SS,8/14/21 2:12,burned,mainstem,ISCO,8/14/21,flood,9.667,436,NA,NA,3.364,NA,0.169,NA,NA,NA,NA,NA,NA,NA,NA,NA,NA
SS,8/14/21 3:12,burned,mainstem,ISCO,8/14/21,flood,9.496,445,NA,NA,3.794,NA,0.141,NA,NA,NA,NA,NA,NA,NA,NA,NA,NA
SS,8/14/21 4:12,burned,mainstem,ISCO,8/14/21,flood,9.213,432,NA,NA,2.974,NA,0.14,NA,NA,NA,NA,NA,NA,NA,NA,NA,NA
SS,8/14/21 5:12,burned,mainstem,ISCO,8/14/21,flood,9.597,404,NA,NA,3.021,NA,0.135,NA,NA,NA,NA,NA,NA,NA,NA,NA,NA
SS,8/14/21 6:12,burned,mainstem,ISCO,8/14/21,flood,9.321,329,NA,NA,4.817,NA,0.131,NA,NA,NA,NA,NA,NA,NA,NA,NA,NA
SS,8/14/21 7:12,burned,mainstem,ISCO,8/14/21,flood,9.409,295,NA,NA,3.053,NA,0.146,NA,NA,NA,NA,NA,NA,NA,NA,NA,NA
SS,8/14/21 8:12,burned,mainstem,ISCO,8/14/21,flood,9.578,281,NA,NA,2.751,NA,0.116,NA,NA,NA,NA,NA,NA,NA,NA,NA,NA
SS,8/14/21 9:12,burned,mainstem,ISCO,8/14/21,flood,8.814,273,NA,NA,3.338,NA,0.0974,NA,NA,NA,NA,NA,NA,NA,NA,NA,NA
SS,8/14/21 10:12,burned,mainstem,ISCO,8/14/21,flood,9.101,218,32.83,0.306,13.20384,NA,0.116,0.5116,19.5865,48.9465,0.055,6.92,326.4575,7.059,41.2215,326.8865,632.523
SS,8/17/21 2:16,burned,mainstem,ISCO,8/16/21,flood,7.3715,179.5,42.54,0.00465,0.901,NA,0.0649,0.2448,9.4603,19.0093,0.0265,2.0282,604.9545,7.4655,86.5235,558.983,720.3335
SS,8/17/21 2:30,burned,mainstem,ISCO,8/17/21,flood,11.13,NA,NA,NA,2.393,NA,NA,NA,NA,NA,NA,NA,233.3888,5.7292,23.8826,205.2946,210.0252
SS,8/17/21 2:45,burned,mainstem,ISCO,8/17/21,flood,14.4,NA,NA,NA,2.8405,NA,NA,NA,NA,NA,NA,NA,262.1224,5.5418,26.6504,246.4778,231.0948
SS,8/17/21 3:00,burned,mainstem,ISCO,8/16/21,flood,13.275,340,NA,NA,2.87,NA,0.07725,NA,NA,NA,NA,NA,NA,NA,NA,NA,NA
SS,8/17/21 3:15,burned,mainstem,ISCO,8/16/21,flood,12.715,430.5,39.43,0.00465,0.97,NA,0.144,0.1587,3.7317,8.376,0.0622,2.8199,261.9855,8.096,74.49,335.2315,878.784
SS,8/17/21 3:30,burned,mainstem,ISCO,8/16/21,flood,17.21,297,NA,NA,3.49,NA,0.09055,NA,NA,NA,NA,NA,NA,NA,NA,NA,NA
SS,8/17/21 3:45,burned,mainstem,ISCO,8/16/21,flood,18.265,307,NA,NA,3.6955,NA,0.0993,NA,NA,NA,NA,NA,NA,NA,NA,NA,NA
SS,8/17/21 4:00,burned,mainstem,ISCO,8/16/21,flood,14.11,488,NA,NA,2.893,NA,0.101,NA,NA,NA,NA,NA,NA,NA,NA,NA,NA
SS,8/17/21 4:15,burned,mainstem,ISCO,8/16/21,flood,15.41,NA,NA,NA,2.8575,NA,NA,NA,NA,NA,NA,NA,NA,NA,NA,NA,NA
SS,8/17/21 4:30,burned,mainstem,ISCO,8/16/21,flood,14.445,NA,39.955,0.218,1.353,NA,NA,0.2175,5.2303,9.6504,0.0963,3.2712,220.1715,1.53,67.321,306.315,644.6605
SS,8/18/21 11:30,burned,mainstem,GRAB,8/17/21,flood,NA,192,NA,0.00465,0.958,NA,0.10185,0.2548,10.6834,16.002,0.0145,1.5131,666.2195,1.53,97.534,617.6555,921.695
SS,8/18/21 11:30,burned,mainstem,GRAB,8/18/21,flood,9.3155,NA,NA,NA,NA,13.985,NA,NA,NA,NA,NA,NA,NA,NA,NA,NA,NA
SS,8/18/21 11:50,burned,mainstem,ISCO,8/18/21,flood,10.94425,209,NA,0.12,1.015,NA,0.161,0.3766,14.6793,25.8891,0.0111,1.253,439.79525,3.6075,63.84715,417.8425,532.42485
SS,8/18/21 12:05,burned,mainstem,ISCO,8/18/21,flood,11.5,271.5,NA,NA,2.031,NA,0.222,0.2857,12.5836,24.372,0.0528,1.5736,376.1334,16.8182,81.1548,355.3154,494.6258
SS,8/18/21 12:20,burned,mainstem,ISCO,8/18/21,flood,8.811333333,368,NA,NA,1.253666667,NA,0.1315,0.276,6.4166,10.4016,0.0067,1.3531,657.7408,29.6804,158.3652,656.206,912.8654
SS,8/18/21 12:35,burned,mainstem,ISCO,8/18/21,flood,7.021,NA,NA,NA,1.3795,NA,NA,0.2834,4.5789,7.3232,0.0058,1.3546,330.1314,25.2692,90.8386,310.1376,361.1338
SS,8/18/21 12:50,burned,mainstem,ISCO,8/18/21,flood,10.27,NA,NA,NA,1.79,NA,NA,0.2182,3.9214,7.1186,0.0051,1.4842,331.5676,17.8912,102.7236,323.7124,639.177
SS,8/18/21 13:05,burned,mainstem,ISCO,8/18/21,flood,10.3735,NA,NA,NA,1.5675,NA,NA,0.2772,3.5422,6.203,0.0055,1.413,169.7846,12.3776,53.2706,176.4792,401.7294
SS,8/18/21 13:20,burned,mainstem,ISCO,8/18/21,flood,NA,NA,NA,NA,NA,NA,NA,0.221,5.3502,6.5438,0.1021,1.4038,225.4392,14.5326,68.4312,189.498,470.7044
SS,8/18/21 13:35,burned,mainstem,ISCO,8/18/21,flood,NA,NA,NA,NA,NA,NA,NA,0.334,4.9814,10.56,0.2879,1.6951,239.424,12.4418,68.106,198.555,374.645
SS,8/18/21 13:50,burned,mainstem,ISCO,8/18/21,flood,NA,NA,NA,NA,NA,NA,NA,0.2319,3.1473,6.5432,0.1614,1.1998,214.5776,12.4364,69.2236,198.7838,382.772
SS,8/18/21 14:05,burned,mainstem,ISCO,8/18/21,flood,NA,NA,NA,NA,NA,NA,NA,0.2235,3.1933,5.2804,0.4378,0.9089,162.8372,14.0548,71.8256,199.558,421.6746
SS,8/18/21 14:20,burned,mainstem,ISCO,8/18/21,flood,NA,NA,NA,NA,NA,NA,NA,0.2259,1.8914,3.2614,0.1987,0.6675,97.325,11.5098,70.5984,153.9992,367.9944
SS,8/18/21 14:35,burned,mainstem,ISCO,8/18/21,flood,9.838,299,NA,0.382,1.6065,NA,0.143,0.31,3.2121,5.0093,0.1025,0.8332,179.223,1.53,81.5335,315.183,842.4375
SS,8/18/21 14:43,burned,mainstem,ISCO,8/18/21,flood,NA,NA,NA,NA,NA,NA,NA,0.6909,2.2469,3.4886,0.1705,0.6314,211.8164,13.8372,93.7366,277.3996,630.1818
SS,8/18/21 15:43,burned,mainstem,ISCO,8/18/21,flood,NA,NA,NA,NA,NA,NA,NA,0.288,1.9316,2.53,0.1402,0.5567,184.3028,9.198,68.193,171.785,434.2428
SS,8/18/21 16:43,burned,mainstem,ISCO,8/18/21,flood,NA,NA,NA,NA,NA,NA,NA,0.364,2.1589,3.8042,0.2073,0.7974,128.9558,9.1374,53.6486,128.538,329.642
SS,8/18/21 17:43,burned,mainstem,ISCO,8/18/21,flood,NA,NA,NA,NA,NA,NA,NA,0.3969,3.5567,5.4459,0.3492,1.1697,117.2216,9.023,43.0812,105.6746,288.3704
SS,8/18/21 18:43,burned,mainstem,ISCO,8/18/21,flood,NA,NA,NA,NA,NA,NA,NA,0.1996,2.1976,3.9261,0.0329,1.2395,153.21915,2.49995,52.6265,157.369,400.1707
SS,8/18/21 19:43,burned,mainstem,ISCO,8/18/21,flood,NA,NA,NA,NA,NA,NA,NA,0.2059,2.4074,4.391,0.0108,1.5736,191.95505,2.48275,64.6452,169.59145,459.2358
SS,8/18/21 20:43,burned,mainstem,ISCO,8/18/21,flood,NA,NA,NA,NA,NA,NA,NA,0.2666,3.5509,10.5295,0.0302,2.3089,106.6306,3.5558,35.1884,97.0448,234.7748
SS,8/18/21 21:43,burned,mainstem,ISCO,8/18/21,flood,NA,NA,NA,NA,NA,NA,NA,0.3656,5.2015,5.7673,0.0082,1.7962,107.935,1.7216,37.2098,92.4904,253.8722
SS,8/18/21 22:43,burned,mainstem,ISCO,8/18/21,flood,NA,NA,NA,NA,NA,NA,NA,0.257,3.3464,8.6795,0.0168,2.0866,130.7836,3.2024,39.7638,114.8536,307.1694
SS,8/18/21 23:43,burned,mainstem,ISCO,8/18/21,flood,NA,NA,NA,NA,NA,NA,NA,0.1858,3.6976,5.2714,0.0085,1.5406,197.7277,2.1722,55.2755,191.93235,430.0493
SS,8/19/21 0:43,burned,mainstem,ISCO,8/18/21,flood,NA,NA,NA,NA,NA,NA,NA,0.2064,3.2607,6.5417,0.0197,1.6016,130.0484,1.224,36.1156,137.6056,524.906
SS,8/19/21 1:43,burned,mainstem,ISCO,8/18/21,flood,10.21,159,NA,0.206,2.354,NA,0.0544,0.1863,3.054,5.9705,0.0023,1.5545,235.679,1.53,53.024,236.3625,602.97
SS,8/19/21 10:48,burned,mainstem,GRAB,8/18/21,flood,NA,NA,NA,NA,1.375,NA,NA,NA,NA,NA,NA,NA,NA,NA,NA,NA,NA
SS,9/1/21 1:15,burned,mainstem,ISCO,9/1/21,flood,NA,226,NA,NA,NA,NA,0.129,NA,NA,NA,NA,NA,NA,NA,NA,NA,NA
SS,9/1/21 1:30,burned,mainstem,ISCO,9/1/21,flood,NA,250,NA,NA,NA,NA,0.123,NA,NA,NA,NA,NA,NA,NA,NA,NA,NA
SS,9/1/21 4:14,burned,mainstem,ISCO,9/1/21,flood,8.7705,NA,NA,NA,8.7705,NA,NA,0.2637,2.9867,3.8664,0.0168,0.5667,426.865,4.3138,132.6918,323.953,707.1632
SS,9/1/21 10:40,burned,mainstem,GRAB,9/1/21,flood,5.731,161.5,NA,NA,0.947,7.983,0.003,NA,NA,NA,NA,NA,NA,NA,NA,NA,NA
SS,10/6/21 11:00,burned,mainstem,GRAB,10/5/21,flood,6.751,118.3,NA,NA,1.461,NA,0.01045,NA,NA,NA,NA,NA,NA,NA,NA,NA,NA
SS,10/6/21 11:00,burned,mainstem,GRAB,10/5/21,NA,5.56,NA,NA,NA,5.56,NA,NA,NA,NA,NA,NA,NA,NA,NA,NA,NA,NA
SS,10/6/21 11:00,burned,mainstem,GRAB,10/5/22,flood,NA,NA,NA,NA,NA,7.0395,NA,NA,NA,NA,NA,NA,NA,NA,NA,NA,NA
SS,10/12/21 14:30,burned,mainstem,GRAB,NA,baseflow,2.309,14.4,48.37,0.00465,0.004,NA,0.0555,NA,NA,NA,NA,NA,NA,NA,NA,NA,NA
SS,12/10/21 11:45,burned,mainstem,GRAB,12/10/21,flood,6.6985,NA,NA,NA,0.561,6.5255,NA,NA,NA,NA,NA,NA,NA,NA,NA,NA,NA
SS,12/11/21 11:45,burned,mainstem,GRAB,12/10/21,flood,NA,104.1,NA,NA,NA,NA,0.0127,NA,NA,NA,NA,NA,NA,NA,NA,NA,NA
SS,12/29/21 2:57,burned,mainstem,ISCO,12/29/21,flood,5.189,NA,NA,NA,0.88265,NA,NA,NA,NA,NA,NA,NA,233.3888,5.7292,23.8826,205.2946,210.0252
SS,12/29/21 3:12,burned,mainstem,ISCO,12/29/21,flood,4.868,43.1,NA,NA,1.0465,NA,0.003,NA,NA,NA,NA,NA,262.1224,5.5418,26.6504,246.4778,231.0948
SS,12/29/21 3:28,burned,mainstem,ISCO,12/29/21,flood,5.6085,60.6,NA,NA,1.0066,NA,0.003,NA,NA,NA,NA,NA,237.465,5.685,28.3698,209.693,213.4472
SS,12/29/21 3:43,burned,mainstem,ISCO,12/29/21,flood,6.2725,44.8,NA,NA,1.0515,NA,0.003,NA,NA,NA,NA,NA,185.3668,4.8612,27.1396,164.1284,270.1966
SS,12/29/21 3:58,burned,mainstem,ISCO,12/29/21,flood,6.3625,66.3,NA,NA,0.8178,6.4965,0.003,NA,NA,NA,NA,NA,164.5272,5.0334,26.3148,147.0688,204.516
SS,12/29/21 4:13,burned,mainstem,ISCO,12/29/21,flood,6.2505,90.1,NA,NA,0.8041,6.7655,0.003,NA,NA,NA,NA,NA,90.638,5.5488,18.28,92.8822,148.8812
SS,12/29/21 4:28,burned,mainstem,ISCO,12/29/21,flood,6.737,83.8,NA,NA,0.9927,7.3115,0.003,NA,NA,NA,NA,NA,124.7282,5.8224,27.1262,123.072,196.4862
SS,12/29/21 4:43,burned,mainstem,ISCO,12/29/21,flood,6.802,118.4,NA,NA,1.1795,7.107,0.003,NA,NA,NA,NA,NA,188.8148,5.4984,41.6042,188.9652,228.341
SS,12/29/21 4:58,burned,mainstem,ISCO,12/29/21,flood,7.3935,83.6,NA,NA,0.9233,7.328,0.003,NA,NA,NA,NA,NA,178.6788,5.162,41.398,182.87,263.1102
SS,12/29/21 5:13,burned,mainstem,ISCO,12/29/21,flood,7.2835,98.2,NA,NA,0.8729,7.6405,0.003,NA,NA,NA,NA,NA,176.415,5.4926,42.0782,175.2034,269.3156
SS,12/29/21 5:28,burned,mainstem,ISCO,12/29/21,flood,7.366,96.1,NA,NA,0.881,7.715,0.003,NA,NA,NA,NA,NA,184.3284,6.1922,44.0868,197.9592,274.0802
SS,12/29/21 5:43,burned,mainstem,ISCO,12/29/21,flood,7.66,104.3,NA,NA,0.90685,8.044,0.003,NA,NA,NA,NA,NA,177.4854,6.0318,42.3872,180.7216,239.7938
SS,12/29/21 6:31,burned,mainstem,ISCO,12/29/21,flood,7.6715,125.9,NA,NA,1.0416,7.8985,0.003,NA,NA,NA,NA,NA,180.7336,5.9262,43.1526,187.726,311.5746
SS,12/29/21 7:31,burned,mainstem,ISCO,12/29/21,flood,7.7615,132,NA,NA,1.1155,8.0335,0.003,NA,NA,NA,NA,NA,128.7588,5.229,29.4246,128.2032,169.853
SS,12/29/21 8:31,burned,mainstem,ISCO,12/29/21,flood,7.7855,112.8,NA,NA,1.0029,7.8855,0.003,NA,NA,NA,NA,NA,225.4186,6.06,47.3078,198.2194,244.111
SS,12/29/21 9:31,burned,mainstem,ISCO,12/29/21,flood,7.476,95.9,NA,NA,1.12525,7.553,0.003,NA,NA,NA,NA,NA,220.9386,6.7522,40.8508,208.0904,217.5694
SS,12/29/21 10:31,burned,mainstem,ISCO,12/29/21,flood,7.9825,75.2,NA,NA,0.7624,7.282,0.003,NA,NA,NA,NA,NA,178.3166,5.6876,32.7678,166.1494,177.7518
SS,12/29/21 11:31,burned,mainstem,ISCO,12/29/21,flood,7.6335,68.9,NA,NA,0.9324,7.2555,0.012105,NA,NA,NA,NA,NA,241.3258,6.7086,40.8412,196.272,223.0878
SS,12/29/21 12:31,burned,mainstem,ISCO,12/29/21,flood,7.363,82.7,NA,NA,1.1145,6.9815,0.003,NA,NA,NA,NA,NA,261.1636,6.854,43.0992,207.7064,202.6868
SS,12/29/21 13:31,burned,mainstem,ISCO,12/29/21,flood,7.3785,NA,NA,NA,0.7868,7.029,NA,NA,NA,NA,NA,NA,302.7716,6.8146,46.7316,250.0502,235.6104
SS,1/1/22 0:46,burned,mainstem,ISCO,1/1/22,flood,6.084,NA,NA,NA,0.9652,6.791,NA,NA,NA,NA,NA,NA,196.6882,2.9443,23.1955,152.0093,246.5702
SS,1/1/22 1:00,burned,mainstem,ISCO,1/1/22,flood,5.5325,68.6,NA,NA,0.9347,6.425,0.03085,NA,NA,NA,NA,NA,187.2083,6.5714,26.3799,133.478,258.1578
SS,1/1/22 1:15,burned,mainstem,ISCO,1/1/22,flood,5.9185,79.3,NA,NA,1.0415,5.7815,0.02415,NA,NA,NA,NA,NA,225.4284,5.3378,33.5634,165.2413,322.4755
SS,1/1/22 1:30,burned,mainstem,ISCO,1/1/22,flood,6.1845,64.2,NA,NA,1.10015,6.926,0.01645,NA,NA,NA,NA,NA,268.0143,4.8248,40.496,206.8816,360.3045
SS,1/1/22 1:45,burned,mainstem,ISCO,1/1/22,flood,6.0885,111.7,NA,NA,1.11875,7.057,0.0296,NA,NA,NA,NA,NA,142.2991,4.5311,24.5167,104.9228,214.9856
SS,1/1/22 2:00,burned,mainstem,ISCO,1/1/22,flood,6.359,113.3,NA,NA,1.255,6.9865,0.02585,NA,NA,NA,NA,NA,232.464,7.1949,42.4595,181.7577,366.167
SS,1/1/22 2:20,burned,mainstem,ISCO,1/1/22,flood,6.1725,106.2,NA,NA,1.0535,7.0115,0.0202,NA,NA,NA,NA,NA,185.2592,4.1232,35.6448,142.5538,285.7416
SS,1/1/22 2:56,burned,mainstem,ISCO,1/1/22,flood,6.474,105.8,NA,NA,0.97795,6.8605,0.01625,NA,NA,NA,NA,NA,186.4822,3.3916,40.69,160.1948,315.966
SS,1/1/22 3:40,burned,mainstem,ISCO,1/1/22,flood,6.513,115.9,NA,NA,0.7719,7.045,0.0172,NA,NA,NA,NA,NA,125.1532,3.6048,31.7758,99.904,185.41
SS,1/1/22 6:55,burned,mainstem,ISCO,1/1/22,flood,7.478,94.6,NA,NA,1.019,7.89,0.04185,NA,NA,NA,NA,NA,184.8024,4.8062,39.0608,154.5774,310.1574
SS,1/1/22 9:15,burned,mainstem,ISCO,1/1/22,flood,7.6885,98.1,NA,NA,0.7337,8.033,0.0334,NA,NA,NA,NA,NA,187.0722,6.1158,38.7814,162.1706,329.837
SS,1/1/22 9:30,burned,mainstem,ISCO,1/1/22,flood,7.8435,99.6,NA,NA,0.9432,8.471,0.0298,NA,NA,NA,NA,NA,183.5104,4.0286,38.769,156.8552,342.4448
SS,1/1/22 10:02,burned,mainstem,ISCO,1/1/22,flood,7.6945,78.2,NA,NA,0.87755,7.744,0.01855,NA,NA,NA,NA,NA,200.0456,5.059,38.369,178.1422,358.2802
SS,1/1/22 11:02,burned,mainstem,ISCO,1/1/22,flood,7.268,105,NA,NA,0.86895,7.7955,0.0313,NA,NA,NA,NA,NA,123.1912,4.9144,23.7396,95.0252,175.645
SS,1/1/22 12:02,burned,mainstem,ISCO,1/1/22,flood,7.501,NA,NA,NA,0.89515,7.5535,NA,NA,NA,NA,NA,NA,225.261,4.2036,38.4046,191.8594,319.5852
SS,5/18/22 8:30,burned,mainstem,GRAB,NA,baseflow,1.9425,NA,NA,NA,0.004,1.844,NA,NA,NA,NA,NA,NA,NA,NA,NA,NA,NA
SS,7/28/22 14:45,burned,mainstem,GRAB,7/28/22,flood,NA,NA,NA,NA,NA,24.765,NA,NA,NA,NA,NA,NA,NA,NA,NA,NA,NA
UPSS,8/31/20 8:45,burned,mainstem,GRAB,8/30/20,flood,63.16,85.2,62.59,NA,7.895,NA,0.612,NA,NA,NA,NA,NA,NA,NA,NA,NA,NA